old_fk_score,new_fk_score,old_fk_grade,new_fk_grade,old_ar_index,new_ar_index,old_gf_index,new_gf_index
1,68.81926470588238,12.26000000000002,5.772058823529413,17.76,14.32285714285714,17.65615384615385,19.87058823529412,35.6
2,41.06107843137258,38.16500000000002,10.347647058823531,12.407777777777778,7.280476190476186,8.149473684210527,24.53333333333333,24.977777777777774
3,27.485000000000014,58.4075,11.91,9.087500000000002,9.612857142857145,6.187058823529412,24.0,16.400000000000002
4,73.84500000000001,57.23363636363638,4.450000000000003,8.009090909090911,6.582727272727272,7.334999999999997,19.06666666666667,22.581818181818186
5,26.236258503401388,23.42500000000001,13.657551020408164,13.470000000000002,15.0873,11.003125000000004,26.125170068027213,22.742857142857144
6,70.66750000000002,35.60500000000002,4.520555555555557,8.790000000000003,7.666666666666668,-1.09,19.57777777777778,20.8
7,9.532590206185604,12.425000000000011,17.954097938144333,12.52,21.817619047619047,6.504000000000001,29.49381443298969,31.6
8,44.415454545454566,27.25526315789477,9.796969696969697,14.177894736842106,10.644761904761909,13.532999999999994,20.15757575757576,24.44210526315789
9,42.60000000000002,53.655,9.553333333333336,8.756666666666668,15.443513513513516,7.533076923076923,19.15555555555556,21.46666666666667
10,-3.2510144927535976,17.932307692307717,15.61739130434783,13.98769230769231,14.964000000000006,11.189999999999998,27.414492753623197,26.738461538461536
11,-15.662499999999966,35.60500000000002,16.065000000000005,8.790000000000003,4.003333333333334,-1.09,25.0,20.8
12,1.2888636363636294,40.09,14.445909090909094,9.655,6.965714285714284,5.573333333333334,24.018181818181816,23.200000000000003
13,47.434318181818185,62.79000000000002,8.009545454545457,5.246666666666666,6.335454545454546,-0.5899999999999999,13.109090909090908,14.533333333333331
14,31.037500000000023,43.96307692307696,10.545000000000002,10.356923076923078,12.605384615384615,9.12,27.21538461538462,26.738461538461536
15,45.64500000000001,-35.11999999999995,8.383333333333333,19.4,11.867894736842103,16.11,22.4,34.0
16,44.82306896551725,9.700000000000015,9.889172413793109,14.142222222222228,10.857580645161292,5.721538461538465,22.571034482758623,25.822222222222223
17,39.49229885057474,51.16126436781613,10.152413793103449,8.524827586206897,11.156551724137934,7.277000000000001,25.935632183908048,23.177011494252877
18,30.947692307692336,37.455384615384645,12.172307692307694,11.264615384615386,18.19961538461539,10.265555555555558,22.123076923076923,20.58461538461539
19,33.57500000000002,162.505,9.57,-8.91,0.2325000000000017,-11.365,21.6,0.8
20,2.470274390243929,35.5107142857143,15.461158536585366,11.784285714285716,20.582142857142863,7.1080000000000005,26.539024390243902,22.742857142857144
21,-162.80999999999997,120.205,36.71333333333334,-3.01,8.311428571428571,-8.94,41.2,20.8
22,66.67612068965518,63.306538461538494,7.561551724137935,10.888461538461542,7.421034482758621,11.607777777777777,19.593103448275865,22.707692307692312
23,40.2858823529412,50.66500000000002,11.863529411764706,8.180000000000003,20.78235294117647,4.526666666666667,24.447058823529414,23.200000000000003
24,33.10644927536234,100.24000000000002,12.450869565217396,0.5199999999999996,16.99891304347826,0.4100000000000001,26.133333333333333,18.0
25,-3.767857142857139,47.30000000000004,17.262857142857147,8.89777777777778,20.661785714285717,3.823,25.6,25.822222222222223
26,80.78250000000001,77.81071428571428,3.855,5.884285714285717,7.1080000000000005,5.538000000000004,13.66666666666667,17.02857142857143
27,78.19795454545455,66.10000000000002,3.718636363636364,6.27555555555556,3.766363636363636,4.2940000000000005,16.745454545454546,16.933333333333334
28,36.97294871794875,12.425000000000011,10.255384615384614,12.52,8.930754716981134,7.445999999999998,23.46666666666667,31.6
29,47.72181818181819,97.025,14.801212121212124,0.7199999999999989,17.825624999999995,-4.800000000000001,25.321212121212124,11.6
30,25.455000000000013,53.120000000000005,12.69,9.825,17.069200000000002,7.018235294117648,28.13333333333334,23.9
31,58.8663235294118,75.87500000000001,7.160294117647062,3.6700000000000017,14.30684210526315,-1.032,22.223529411764705,21.6
32,16.30538461538464,47.565,14.214615384615389,11.096666666666668,15.858974358974358,9.884736842105266,25.969230769230776,22.75555555555556
33,47.95833333333337,59.745000000000005,9.220000000000002,6.416666666666668,10.655454545454546,2.255714285714284,21.766666666666666,22.4
34,45.32412790697677,-2.2099999999999795,12.278720930232565,15.555000000000003,24.306000000000004,11.853333333333332,21.62325581395349,28.200000000000003
35,0.0382456140351052,119.19000000000004,14.827368421052627,-2.619999999999999,13.56315789473684,-8.8325,27.796491228070177,14.533333333333331
36,83.32000000000004,162.505,2.879999999999999,-8.91,-1.032,-10.51,18.0,0.8
37,52.09769230769234,72.07326923076926,9.222307692307696,8.050897435897436,11.246730769230773,10.471500000000002,22.123076923076923,23.184615384615388
38,35.60500000000002,120.205,8.790000000000003,-3.01,11.184999999999995,-5.800000000000001,30.8,20.8
39,-1.275999999999982,35.94500000000002,19.648,10.73,20.55461538461538,10.189090909090911,29.200000000000003,16.0
40,29.00750000000002,120.205,11.325000000000005,-3.01,9.101052631578948,-5.800000000000001,17.51764705882353,20.8
41,27.70379098360658,30.53000000000003,13.183729508196723,10.740000000000002,15.492043010752688,4.942499999999999,28.39508196721312,31.371428571428574
42,11.088181818181852,34.160909090909115,14.445454545454544,11.22727272727273,16.759545454545453,6.550000000000001,28.03636363636364,26.21818181818181
43,35.097500000000025,59.745000000000005,8.985000000000003,6.416666666666668,5.562000000000001,0.91,25.0,22.4
44,13.446260162601646,11.459545454545465,14.779024390243908,17.12636363636364,17.36093023255814,15.750400000000006,29.856910569105693,30.618181818181814
45,35.79307343234328,162.505,10.357846534653463,-8.91,20.90654088050315,-15.22,21.584488448844887,0.8
46,-119.71999999999994,-35.11999999999995,31.200000000000006,19.4,22.46,11.675714285714283,42.0,34.0
47,6.56666666666672,97.025,14.57925925925926,0.7199999999999989,13.829999999999998,-3.857999999999997,24.340740740740745,11.6
48,71.81500000000001,77.90500000000002,5.230000000000004,2.890000000000004,7.17625,-2.66,18.2,20.8
49,89.60000000000004,147.39000000000004,2.997777777777777,-6.553333333333333,6.93333333333333,-10.01,16.933333333333334,1.2000000000000002
50,61.07909090909095,72.61545454545457,7.472727272727273,5.863636363636363,6.550000000000001,4.587499999999999,22.581818181818186,26.21818181818181
51,47.8194927536232,39.33000000000001,10.398695652173911,11.500000000000004,14.643913043478255,10.708750000000002,23.524637681159422,24.666666666666668
52,28.50000000000003,32.504999999999995,11.520000000000003,11.706666666666669,13.736666666666665,10.793846153846154,21.37777777777778,21.46666666666667
53,28.05000000000001,69.78500000000001,13.073333333333338,6.010000000000002,14.1622695035461,4.622727272727271,25.55555555555556,20.0
54,65.10263157894738,47.94230769230769,8.898947368421055,16.261025641025643,17.43756756756757,17.634615384615387,19.178947368421053,26.88205128205128
55,1.2595000000000312,119.19000000000004,16.189,-2.619999999999999,13.956858974358973,-7.654999999999999,25.8,14.533333333333331
56,7.1512500000000045,-2.2099999999999795,12.820833333333336,15.555000000000003,15.127000000000002,9.004000000000001,27.566666666666663,28.200000000000003
57,10.564999999999998,53.120000000000005,14.270000000000008,9.825,12.735526315789471,7.767727272727274,25.333333333333336,18.9
58,36.123862068965536,6.390000000000015,9.661655172413797,13.113333333333332,25.06194915254237,1.7650000000000006,22.32,14.533333333333331
59,51.86750000000004,42.61571428571432,7.142777777777777,9.054285714285715,9.004000000000001,6.620000000000001,24.022222222222226,19.942857142857143
60,-32.58249999999995,90.99000000000004,18.425,1.313333333333336,12.254999999999995,0.5874999999999986,33.0,14.533333333333331
61,50.56057692307695,52.86500000000001,7.821923076923078,8.370000000000001,9.706923076923076,8.048181818181817,24.13846153846154,24.0
62,55.40350000000004,83.32000000000004,8.637,2.879999999999999,6.109199999999998,-2.729999999999997,22.6,18.0
63,33.20000000000002,17.382142857142867,10.864444444444448,14.312857142857148,17.13833333333333,14.643999999999998,28.044444444444448,34.17142857142857
64,58.53333333333336,37.455384615384645,7.745000000000001,11.264615384615386,10.2671875,8.783571428571431,19.266666666666666,23.661538461538463
65,54.21477272727276,55.40350000000004,9.796515151515155,8.637,19.21972972972973,6.933793103448274,18.721212121212123,16.2
66,45.377500000000026,50.66500000000002,8.917500000000004,8.180000000000003,13.358125,4.526666666666667,23.200000000000003,23.200000000000003
67,54.87300000000002,50.2388235294118,8.288666666666668,10.47529411764706,7.997777777777777,7.98,19.87555555555556,23.27058823529412
68,40.75413461538463,48.65857142857146,9.997115384615388,8.211428571428574,9.827692307692306,5.870000000000001,23.387179487179488,22.8
69,80.06750000000002,108.70000000000002,3.2094444444444434,-0.6599999999999966,2.478571428571428,-2.837272727272726,16.614814814814817,14.0
70,63.86250000000001,71.81500000000001,6.215000000000003,5.230000000000004,6.7940000000000005,1.66,13.66666666666667,13.2
71,84.90000000000003,147.39000000000004,3.653333333333336,-6.553333333333333,5.625,-10.01,12.488888888888887,1.2000000000000002
72,32.56000000000003,47.434318181818185,9.96,8.009545454545457,11.359000000000002,5.512499999999999,22.0,20.381818181818183
73,25.115829268292718,27.37500000000003,13.83039024390244,15.403333333333332,14.732093023255814,15.44555555555555,26.56,29.6
74,37.455384615384645,32.56400000000002,11.264615384615386,14.928,15.844615384615388,13.85192307692308,20.58461538461539,24.4
75,52.69500000000002,63.57596153846157,7.400000000000002,6.006538461538462,8.5125,3.265000000000001,15.733333333333333,14.90769230769231
76,49.48000000000002,53.655,7.600000000000001,8.756666666666668,10.887999999999998,7.170769230769231,26.0,24.8
77,36.57285714285717,42.61571428571432,9.89714285714286,9.054285714285715,8.447142857142854,3.3580000000000005,22.8,22.8
78,-8.855483870967703,162.505,19.995391705069128,-8.91,20.95994708994709,-15.22,31.82488479262673,0.8
79,69.1602027027027,66.87371621621622,8.208783783783787,8.527702702702705,17.110833333333332,7.2964864864864865,19.291891891891893,19.291891891891893
80,22.49681159420291,33.57500000000002,12.02608695652174,9.57,10.45855072463768,5.562000000000001,27.414492753623197,31.6
81,5.65833333333336,66.40000000000003,15.12,5.240000000000002,17.0378125,3.15727272727273,30.51666666666667,26.0
82,40.09,120.205,9.655,-3.01,9.694705882352942,-5.800000000000001,25.700000000000003,20.8
83,48.87821428571431,-52.03999999999997,10.789285714285716,21.76000000000001,20.475454545454543,16.11,21.85714285714286,34.0
84,26.465000000000003,162.505,12.762063492063492,-8.91,21.06026595744681,-15.22,24.03174603174603,0.8
85,-119.71999999999994,-35.11999999999995,31.200000000000006,19.4,22.46,11.675714285714283,42.0,34.0
86,61.26750000000001,69.78500000000001,5.831666666666667,6.010000000000002,5.573333333333334,4.622727272727271,10.68888888888889,16.0
87,45.80302631578948,119.19000000000004,9.230789473684217,-2.619999999999999,10.876315789473686,-8.8325,24.852631578947367,14.533333333333331
88,30.332941176470623,15.640000000000017,13.251764705882357,12.320000000000004,14.958000000000006,5.905000000000001,27.97647058823529,26.0
89,50.58772357723578,22.245000000000037,9.598536585365853,19.100000000000005,11.947142857142858,20.624210526315785,20.10081300813008,31.06666666666667
90,28.77846153846156,120.205,12.474871794871795,-3.01,11.70128787878788,-7.370000000000001,25.71282051282051,20.8
91,1.9991666666667245,6.35857142857148,16.33425925925926,14.111428571428572,21.202222222222225,10.24125,32.06666666666666,25.65714285714286
92,44.35380434782613,32.681304347826114,9.929782608695652,14.414782608695656,13.222500000000004,16.278749999999995,27.208695652173915,31.808695652173917
93,38.595,34.59000000000003,9.366666666666667,9.180000000000003,9.657142857142857,-1.7674999999999983,25.733333333333334,14.533333333333331
94,34.80832558139534,32.56000000000003,10.540744186046512,9.96,9.945454545454544,7.439090909090911,22.0446511627907,26.0
95,1.8500000000000227,42.61571428571432,13.995,9.054285714285715,10.24125,4.942499999999999,31.6,25.65714285714286
96,26.481250000000017,31.545000000000016,14.596388888888892,10.35,18.94581300813008,7.638571428571431,28.840740740740745,29.066666666666663
97,-5.5084999999999695,-21.974999999999937,17.133,22.286666666666665,16.196666666666665,20.55461538461538,30.6,36.266666666666666
98,52.69500000000002,94.3,7.400000000000002,2.342222222222226,12.044999999999996,0.997,25.733333333333334,16.933333333333334
99,-65.57499999999999,5.006730769230813,24.890000000000004,14.17576923076923,19.0,10.893999999999998,40.0,27.21538461538462
100,79.93666666666668,134.08000000000004,4.18,-4.199999999999999,7.051199999999998,2.765000000000001,14.533333333333337,10.0
101,18.940000000000023,90.99000000000004,12.605000000000004,1.313333333333336,14.24125,-6.477499999999999,23.200000000000003,14.533333333333331
102,27.28675000000004,25.32478260869567,12.633250000000004,15.440869565217394,12.619428571428571,13.127307692307689,25.12,24.85217391304348
103,8.043440860215071,100.24000000000002,14.704516129032257,0.5199999999999996,15.947419354838708,-1.9450000000000005,27.35913978494624,18.0
104,32.09583333333336,30.199166666666716,11.4325,12.400925925925923,11.280208333333334,10.63392857142857,25.516666666666666,27.622222222222224
105,24.529807692307717,41.553571428571445,11.45269230769231,10.941428571428574,13.329999999999998,11.189999999999998,21.06153846153846,22.742857142857144
106,45.64500000000001,50.470769230769264,8.383333333333333,9.44923076923077,7.334999999999997,5.755714285714284,19.06666666666667,20.58461538461539
107,-50.00999999999996,12.425000000000011,20.980000000000008,12.52,3.6014285714285705,0.2325000000000017,27.866666666666664,21.6
108,3.6803623188405936,66.10000000000002,16.55521739130435,6.27555555555556,18.880638297872345,5.235999999999997,27.87246376811594,25.822222222222223
109,-1.5009615384615245,92.965,15.083461538461542,2.280000000000001,12.96769230769231,-0.1833333333333335,24.13846153846154,13.2
110,63.01666666666668,83.32000000000004,6.540000000000003,2.879999999999999,6.485999999999997,-1.16,17.733333333333334,18.0
111,-68.95999999999995,205.82,24.120000000000008,-15.2,8.713333333333335,-16.22,34.0,0.4
112,30.947692307692336,41.553571428571445,12.172307692307694,10.941428571428574,15.577499999999992,12.82071428571428,26.738461538461536,25.6
113,39.06321428571431,60.25706081081083,10.419285714285714,7.152635135135139,24.386744186046517,9.937692307692306,21.34285714285714,18.835135135135136
114,44.56637681159424,47.83250000000001,8.947826086956521,10.562500000000004,11.949599999999997,14.346842105263155,18.718840579710143,21.4
115,30.31545454545457,32.681304347826114,11.763636363636364,14.414782608695656,15.903181818181814,13.7275,20.763636363636365,24.85217391304348
116,-60.932499999999976,19.100000000000023,22.87611111111112,12.831111111111111,19.221,11.359000000000002,28.466666666666665,25.822222222222223
117,87.94500000000002,90.99000000000004,2.4833333333333343,1.313333333333336,2.765000000000001,-4.122500000000002,15.733333333333333,14.533333333333331
118,24.382499999999997,24.382499999999997,11.721666666666671,11.721666666666671,8.647857142857145,6.414375,24.333333333333336,24.333333333333336
119,63.61355263157896,44.405,6.746578947368423,9.55,4.886842105263156,6.763636363636365,16.431578947368422,28.0
120,47.30000000000004,39.55500000000001,8.89777777777778,10.723333333333333,11.80620689655172,5.704374999999999,18.41481481481481,18.133333333333333
121,24.529807692307717,48.65857142857146,11.45269230769231,8.211428571428574,11.156153846153847,3.985999999999997,27.21538461538462,25.65714285714286
122,35.097500000000025,100.24000000000002,8.985000000000003,0.5199999999999996,2.8349999999999973,-3.515000000000001,25.0,18.0
123,94.51107142857144,162.505,0.946428571428573,-8.91,0.91,-15.22,12.82857142857143,0.8
124,35.815,25.896666666666675,12.735555555555557,16.35481481481482,15.090526315789468,17.63392857142857,27.200000000000003,31.54074074074074
125,-47.97999999999996,147.39000000000004,20.200000000000006,-6.553333333333333,-4.800000000000001,-8.225,40.400000000000006,1.2000000000000002
126,-26.659999999999968,-33.934999999999974,18.22,19.98,17.952999999999996,13.946666666666664,30.0,28.200000000000003
127,33.067500000000024,49.48000000000002,9.765,7.600000000000001,9.329999999999998,5.905000000000001,24.022222222222226,18.0
128,50.66500000000002,39.55500000000001,8.180000000000003,10.723333333333333,8.503333333333334,6.446153846153845,20.700000000000003,28.13333333333334
129,23.255000000000024,62.79000000000002,12.499999999999996,5.246666666666666,18.0075,-1.7674999999999983,28.0,14.533333333333331
130,16.670681818181833,19.100000000000023,12.300454545454546,12.831111111111111,11.792499999999997,8.532999999999998,24.018181818181816,25.822222222222223
131,-17.805000000000007,-35.11999999999995,17.233333333333338,19.4,14.502857142857144,8.984285714285715,29.066666666666663,26.0
132,6.967807017543862,-90.3271428571428,15.434210526315791,27.597142857142853,15.020769230769226,14.470000000000006,25.066666666666663,31.371428571428574
133,91.78000000000004,120.205,1.7000000000000028,-3.01,3.823,-5.800000000000001,10.0,20.8
134,36.57285714285717,46.9425,9.89714285714286,8.575000000000003,8.783571428571431,3.470625000000002,22.8,21.666666666666668
135,24.03875000000002,27.37500000000003,13.881250000000003,15.403333333333332,17.078181818181818,15.185200000000002,23.9,24.6
136,-5.8277941176470165,37.25750000000002,16.183823529411768,12.037500000000003,12.07578947368421,9.28833333333333,29.28235294117647,26.4
137,13.501505376344111,77.90500000000002,13.943225806451617,2.890000000000004,10.691458333333337,-5.800000000000001,24.77849462365592,20.8
138,28.7519827586207,39.42928571428576,12.851206896551728,14.715714285714288,21.2109375,17.3840625,27.868965517241374,29.77142857142857
139,78.87285714285717,-6.694999999999993,3.997142857142858,14.69,4.492291666666667,2.0500000000000007,14.228571428571428,20.8
140,62.79000000000002,97.025,5.246666666666666,0.7199999999999989,7.475000000000001,-1.974,21.200000000000003,11.6
141,10.319885057471282,13.897368421052647,14.22137931034483,16.04105263157895,13.516451612903223,12.049545454545452,23.177011494252877,24.44210526315789
142,6.56666666666672,35.60500000000002,14.57925925925926,8.790000000000003,16.51620689655173,-1.09,28.785185185185185,20.8
143,12.425000000000011,205.82,12.52,-15.2,1.41,-16.22,21.6,0.4
144,59.16092105263158,90.99000000000004,7.367631578947371,1.313333333333336,5.235999999999997,-6.477499999999999,16.431578947368422,14.533333333333331
145,-4.497806122448935,27.485000000000014,19.97316326530612,11.91,23.6355,11.90181818181818,32.65714285714286,32.0
146,41.30250000000001,120.205,9.361666666666668,-3.01,13.701999999999998,-8.94,24.333333333333336,20.8
147,59.066847826086985,52.05000000000001,7.8776086956521745,11.96166666666667,12.82888888888889,12.082857142857144,20.25217391304348,24.6
148,23.00000000000003,120.205,11.045000000000002,-3.01,9.06375,-7.370000000000001,26.6,20.8
149,121.22000000000004,162.505,-3.3999999999999986,-8.91,2.620000000000001,-7.370000000000001,0.4,0.8
150,54.70142857142861,119.19000000000004,7.368571428571428,-2.619999999999999,7.437857142857144,-5.300000000000001,25.65714285714286,14.533333333333331
151,22.845419580419588,162.505,11.834428904428908,-8.91,25.04777777777778,-13.65,23.862004662004665,0.8
152,3.41224806201555,3.41224806201555,16.34418604651163,16.34418604651163,19.756818181818183,15.586,28.98914728682171,28.98914728682171
153,-0.4481818181818084,42.86500000000001,16.05454545454546,11.752222222222224,13.222500000000004,11.867894736842103,29.85454545454545,27.200000000000003
154,84.45634408602152,103.54,4.046451612903226,0.8049999999999997,7.587499999999999,1.468,18.32688172043011,18.2
155,83.85890681003588,61.665000000000006,3.274086021505376,9.130000000000004,1.4975806451612923,4.926842105263159,18.23942652329749,27.200000000000003
156,-7.497499999999974,3.3972727272727354,16.292500000000004,15.518181818181825,13.06375,7.334999999999997,25.700000000000003,26.21818181818181
157,8.875000000000028,-10.754999999999995,16.99,16.25,17.15109289617486,6.965714285714284,30.0,22.4
158,44.405,120.205,9.55,-3.01,17.396208333333334,-8.94,26.0,20.8
159,18.940000000000023,54.72500000000002,12.605000000000004,6.620000000000001,8.863529411764706,0.8520000000000003,23.200000000000003,21.6
160,26.014772727272742,56.965,13.729848484848484,9.785555555555558,12.166666666666664,9.388947368421054,25.9939393939394,22.75555555555556
161,87.94500000000002,147.39000000000004,2.4833333333333343,-6.553333333333333,1.9800000000000004,-11.1875,15.733333333333333,1.2000000000000002
162,34.08250000000001,54.70142857142861,9.375,7.368571428571428,4.274285714285714,0.2325000000000017,24.257142857142856,19.942857142857143
163,-18.19999999999996,77.90500000000002,17.040000000000003,2.890000000000004,17.808,-4.229999999999997,34.0,20.8
164,17.26970588235298,162.505,15.073823529411763,-8.91,20.49347826086957,-15.22,28.27058823529412,0.8
165,62.81613636363636,90.99000000000004,5.864090909090912,1.313333333333336,15.598,1.7650000000000006,24.018181818181816,14.533333333333331
166,98.8675,147.39000000000004,0.5872222222222234,-6.553333333333333,3.4800000000000004,-6.477499999999999,10.68888888888889,1.2000000000000002
167,-21.809999999999945,34.59000000000003,17.04666666666667,9.180000000000003,9.252857142857144,-1.7674999999999983,27.866666666666664,14.533333333333331
168,70.50704545454548,72.61545454545457,4.791363636363638,5.863636363636363,1.9800000000000004,3.41,16.745454545454546,18.94545454545455
169,18.022115384615404,89.51692307692309,12.360384615384618,4.003076923076925,12.605384615384615,3.0642857142857167,21.06153846153846,14.430769230769233
170,32.05250000000001,100.24000000000002,10.155,0.5199999999999996,11.045454545454549,-5.085000000000001,27.654545454545453,18.0
171,51.95862068965518,42.86500000000001,13.216551724137933,11.752222222222224,4.319904761904763,12.186521739130434,25.393103448275863,27.200000000000003
172,58.98754694835682,60.74428571428575,7.971478873239437,6.525714285714287,12.4063698630137,9.825625,22.198122065727706,17.085714285714285
173,46.29023809523813,205.82,9.121428571428574,-15.2,9.857241379310349,-16.22,20.87619047619048,0.4
174,43.40855855855855,43.40855855855855,10.268648648648654,10.268648648648654,23.539024390243902,23.568571428571424,20.06846846846847,20.06846846846847
175,-49.21749999999997,-91.29499999999996,25.962234042553195,26.49000000000001,38.74787234042553,4.120000000000001,37.48510638297872,20.8
176,27.343571428571465,30.53000000000003,16.40142857142857,10.740000000000002,60.458974358974366,2.5874999999999986,28.700000000000003,25.65714285714286
177,41.83627450980396,61.24000000000001,8.831764705882357,6.705000000000002,10.897058823529411,0.3399999999999998,21.09019607843137,18.2
178,28.33166666666668,147.39000000000004,12.62,-6.553333333333333,14.897317073170733,-11.1875,21.333333333333336,1.2000000000000002
179,27.06304651162793,205.82,13.757534883720933,-15.2,13.474666666666671,-16.22,25.01953488372093,0.4
180,75.87500000000001,204.805,3.6700000000000017,-14.81,-0.0899999999999998,-12.365,21.6,0.8
181,11.411500000000018,58.2225,14.773000000000003,7.001666666666669,19.141600000000004,4.942499999999999,25.8,16.333333333333332
182,14.267500000000013,90.99000000000004,12.387222222222224,1.313333333333336,8.713333333333335,-2.9450000000000003,19.57777777777778,14.533333333333331
183,21.05834146341465,-8.724999999999994,12.359219512195123,15.47,11.915378787878788,5.905000000000001,23.767804878048786,31.6
184,6.612000000000023,162.505,19.342751773049645,-8.91,22.954718309859157,-10.51,33.407659574468084,0.8
185,4.867500000000007,35.60500000000002,13.698333333333334,8.790000000000003,15.516666666666666,0.4800000000000004,28.466666666666665,20.8
186,63.84279411764709,53.63928571428573,6.466176470588238,9.255714285714287,7.355499999999999,8.991999999999997,19.87058823529412,22.742857142857144
187,-9.734999999999983,3.344999999999999,22.070000000000004,14.283333333333337,23.2715625,11.002857142857144,38.66666666666666,35.73333333333334
188,80.20000000000003,95.68818181818185,4.308888888888891,2.645454545454548,6.41,-0.1225000000000022,12.488888888888887,11.672727272727274
189,64.45035714285714,119.19000000000004,8.24464285714286,-2.619999999999999,11.677933333333335,-7.654999999999999,20.685714285714287,14.533333333333331
190,62.1899213836478,120.205,6.779528301886796,-3.01,7.520000000000003,-10.51,21.64654088050315,20.8
191,18.44428571428574,44.405,12.425714285714289,9.55,8.381999999999998,5.47909090909091,22.8,20.0
192,28.97492924528305,33.57500000000002,12.509575471698115,9.57,14.774654088050312,6.504000000000001,27.941509433962267,31.6
193,36.79250000000002,61.69642857142858,12.475,8.131904761904764,14.83958333333333,9.803023255813953,25.857142857142858,20.83809523809524
194,56.70000000000002,62.79000000000002,7.58666666666667,5.246666666666666,7.98,-4.122500000000002,19.15555555555556,14.533333333333331
195,31.10875000000001,120.205,11.8393085106383,-3.01,12.15801418439716,-7.370000000000001,25.97659574468085,20.8
196,25.455000000000013,25.455000000000013,12.69,12.69,10.431538461538462,10.793846153846154,28.13333333333334,28.13333333333334
197,64.44500000000002,49.48000000000002,5.761111111111113,7.600000000000001,5.476428571428574,1.1950000000000005,17.95555555555556,26.0
198,62.79000000000002,106.59678571428572,5.246666666666666,-0.7392857142857139,4.334999999999997,-4.71125,21.200000000000003,12.82857142857143
199,63.98693693693693,62.70357142857142,7.398378378378378,7.991428571428575,11.145384615384614,6.446551724137933,20.06846846846847,19.88571428571429
200,23.53986842105263,47.30000000000004,12.336052631578948,8.89777777777778,13.107368421052634,4.765000000000001,24.852631578947367,21.37777777777778
201,0.3000000000000113,62.79000000000002,15.453333333333337,5.246666666666666,19.231666666666666,2.942499999999999,30.266666666666666,27.866666666666664
202,52.00000000000003,55.952500000000015,8.242222222222225,7.442500000000003,15.54631578947368,6.708749999999998,21.37777777777778,20.700000000000003
203,6.390000000000015,-51.02499999999998,13.113333333333332,21.370000000000008,10.615000000000002,11.214000000000006,27.866666666666664,31.6
204,-47.47249999999997,120.205,20.00500000000001,-3.01,26.17,-3.945,40.2,20.8
205,6.35857142857148,10.564999999999998,14.111428571428572,14.270000000000008,17.867142857142852,11.473636363636366,25.65714285714286,28.0
206,60.70500000000001,147.39000000000004,7.773333333333333,-6.553333333333333,13.923749999999998,-11.1875,21.46666666666667,1.2000000000000002
207,132.85500000000002,162.505,-4.41952380952381,-8.91,-0.4267241379310356,-12.079999999999998,8.038095238095236,0.8
208,33.57500000000002,54.72500000000002,9.57,6.620000000000001,10.24125,1.7940000000000005,21.6,21.6
209,-3.2510144927535976,119.19000000000004,15.61739130434783,-2.619999999999999,14.596250000000005,-8.8325,27.414492753623197,14.533333333333331
210,92.0625,90.09000000000002,2.2816666666666663,4.420000000000002,6.7940000000000005,5.115625000000001,8.333333333333334,11.333333333333336
211,15.966666666666669,83.32000000000004,13.268148148148152,2.879999999999999,14.015999999999998,-1.9450000000000005,30.266666666666666,18.0
212,21.563500000000005,205.82,13.357000000000005,-15.2,16.85785714285715,-16.22,17.8,0.4
213,55.12522727272727,73.84500000000001,6.936818181818182,4.450000000000003,9.332727272727272,1.7469230769230784,16.745454545454546,12.4
214,68.51666666666668,51.07260869565218,7.015000000000001,11.849565217391303,11.53125,13.923749999999998,20.333333333333336,26.59130434782609
215,43.09178571428572,90.99000000000004,9.857380952380954,1.313333333333336,10.122608695652175,-6.477499999999999,21.34285714285714,14.533333333333331
216,78.19795454545455,162.505,3.718636363636364,-8.91,1.3230000000000004,-15.22,13.109090909090908,0.8
217,30.022500000000008,42.545000000000016,10.935000000000002,11.3,8.180625,9.23470588235294,24.333333333333336,26.4
218,9.758665254237314,-0.3949999999999818,15.562500000000004,16.295555555555556,17.62129943502825,14.651531531531532,26.91694915254237,28.13333333333334
219,-3.704999999999956,31.545000000000016,15.266666666666666,10.35,19.212857142857143,8.189999999999998,35.73333333333334,15.733333333333333
220,18.742500000000007,83.32000000000004,12.508333333333336,2.879999999999999,19.04,1.9800000000000004,24.333333333333336,18.0
221,61.45045454545455,59.745000000000005,10.153636363636362,6.416666666666668,13.517142857142858,11.002857142857144,25.163636363636368,29.066666666666663
222,20.79916666666668,30.332941176470623,13.712037037037042,13.251764705882357,20.15555555555556,12.428333333333336,29.1037037037037,25.623529411764707
223,59.745000000000005,56.97846153846157,6.416666666666668,8.541538461538462,8.120000000000001,7.437857142857144,19.06666666666667,20.58461538461539
224,-0.143655913978506,54.72500000000002,15.84645161290323,6.620000000000001,17.01096774193548,0.8520000000000003,29.93978494623656,21.6
225,-23.20261904761904,97.025,18.81428571428572,0.7199999999999989,17.328275862068963,-5.742000000000001,30.87619047619048,21.6
226,-50.00999999999996,162.505,20.980000000000008,-8.91,2.5874999999999986,-8.94,27.866666666666664,0.8
227,43.08000000000001,147.39000000000004,10.23166666666667,-6.553333333333333,11.788125,-11.1875,22.3,1.2000000000000002
228,45.71530487804881,34.377297297297304,11.975731707317074,17.65621621621621,13.965714285714284,18.02131578947368,27.712195121951225,33.17837837837838
229,24.03875000000002,34.532272727272726,13.881250000000003,13.90818181818182,12.28235294117647,14.848695652173916,26.4,26.981818181818184
230,44.150000000000006,54.72500000000002,8.094999999999999,6.620000000000001,9.6525,2.735999999999997,26.6,21.6
231,22.301403508771955,40.09,11.722105263157893,9.655,10.652499999999996,6.178000000000001,19.37543859649123,13.2
232,30.76807692307696,6.35857142857148,15.426923076923078,14.111428571428572,21.166428571428572,16.04,30.4,31.371428571428574
233,59.20607142857145,54.75086956521741,7.609761904761903,11.336521739130436,12.619999999999996,11.56875,15.628571428571428,19.63478260869565
234,20.50144654088052,205.82,14.78867924528302,-15.2,16.759545454545453,-16.22,25.17987421383648,0.4
235,33.33250000000004,25.455000000000013,11.963888888888892,12.69,18.062222222222225,9.706923076923076,23.177777777777777,24.8
236,-1.2799999999999727,162.505,14.68,-8.91,14.04,-10.51,26.0,0.8
237,30.947692307692336,119.19000000000004,12.172307692307694,-2.619999999999999,17.189999999999998,-7.654999999999999,23.661538461538463,14.533333333333331
238,63.75887931034484,63.75887931034484,7.96844827586207,7.96844827586207,15.948709677419352,15.912187500000002,18.21379310344828,18.21379310344828
239,-12.232121212121172,75.87500000000001,15.87636363636364,3.6700000000000017,16.528,2.4607692307692304,23.28484848484848,16.6
240,5.729342105263186,77.90500000000002,14.82026315789474,2.890000000000004,17.817368421052628,-1.09,26.957894736842107,20.8
241,68.43166666666669,84.90000000000003,6.530000000000005,3.653333333333336,9.524285714285714,4.2940000000000005,18.650980392156864,19.15555555555556
242,24.52325000000002,162.505,11.391500000000004,-8.91,21.46038461538461,-7.370000000000001,18.5,0.8
243,63.9821710526316,37.900000000000034,5.5151315789473685,10.208888888888891,3.5514035087719336,4.765000000000001,18.74210526315789,30.266666666666666
244,57.94100000000003,52.86500000000001,7.662000000000003,8.370000000000001,5.812115384615385,4.98,19.200000000000003,16.0
245,-5.727142857142809,32.56000000000003,15.79714285714286,9.96,9.637999999999998,2.765000000000001,25.65714285714286,26.0
246,40.09,53.655,9.655,8.756666666666668,5.834999999999997,4.74642857142857,25.700000000000003,28.13333333333334
247,59.745000000000005,92.965,6.416666666666668,2.280000000000001,9.2975,0.3399999999999998,22.4,18.2
248,34.160909090909115,120.205,11.22727272727273,-3.01,14.643913043478255,-5.800000000000001,29.85454545454545,20.8
249,45.64500000000001,87.94500000000002,8.383333333333333,2.4833333333333343,8.25769230769231,-3.8000000000000007,22.4,22.4
250,29.00750000000002,26.97750000000002,11.325000000000005,12.105,10.414166666666668,11.90181818181818,24.576470588235296,25.152380952380955
251,18.940000000000023,77.90500000000002,12.605000000000004,2.890000000000004,13.77375,0.4800000000000004,24.866666666666667,20.8
252,56.71571428571431,90.99000000000004,7.08761904761905,1.313333333333336,5.586136363636364,-5.300000000000001,18.99047619047619,14.533333333333331
253,24.22750000000002,119.19000000000004,11.867500000000003,-2.619999999999999,10.414375,-7.654999999999999,23.200000000000003,14.533333333333331
254,119.19000000000004,119.19000000000004,-2.619999999999999,-2.619999999999999,-5.800000000000001,-4.122500000000002,1.2000000000000002,14.533333333333331
255,63.23464285714289,50.470769230769264,7.047857142857144,9.44923076923077,12.17142857142857,8.783571428571431,17.53333333333333,20.58461538461539
256,65.30000000000001,120.205,5.145,-3.01,2.8000000000000007,-4.229999999999997,16.6,20.8
257,35.810333333333375,162.505,10.053185185185184,-8.91,19.140233766233763,-15.22,22.880000000000003,0.8
258,39.55500000000001,77.90500000000002,10.723333333333333,2.890000000000004,16.082500000000003,-1.09,26.466666666666665,20.8
259,19.173467741935525,21.902500000000032,14.43564516129032,14.055000000000003,11.939999999999998,11.511818181818178,25.554838709677423,25.554838709677423
260,45.69727272727275,42.545000000000016,9.618181818181816,11.3,13.548181818181815,8.403529411764705,22.581818181818186,23.9
261,53.245833333333366,64.9245454545455,8.482500000000002,6.936363636363637,8.22909090909091,2.1360869565217406,20.516666666666666,17.127272727272725
262,36.03,44.405,11.215,9.55,8.935200000000002,8.048181818181817,24.8,28.0
263,24.94750000000002,52.86500000000001,12.885000000000002,8.370000000000001,19.54928571428572,7.620000000000001,17.8,16.0
264,35.24306818181819,90.99000000000004,10.393156565656568,1.313333333333336,15.577623762376234,-6.477499999999999,22.693939393939395,14.533333333333331
265,40.20500000000001,34.59000000000003,10.987568389057753,9.180000000000003,16.926489361702124,2.942499999999999,24.94589665653496,27.866666666666664
266,33.04000000000002,70.50704545454548,10.638333333333335,4.791363636363638,9.525769230769232,1.1950000000000005,21.53333333333333,16.745454545454546
267,88.87423076923078,85.74342857142858,1.5511111111111155,2.3432380952381,24.125833333333333,-0.1622077922077913,13.32991452991453,15.013333333333334
268,4.125147058823558,34.59000000000003,14.79558823529412,9.180000000000003,13.667647058823526,-1.7674999999999983,26.92941176470589,14.533333333333331
269,33.067500000000024,-1.2799999999999727,9.765,14.68,11.829999999999998,3.17625,28.466666666666665,26.0
270,36.99728260869568,30.76807692307696,10.955869565217396,15.426923076923078,16.315599999999996,16.96107142857143,21.991304347826087,28.861538461538466
271,34.037121212121235,35.0346428571429,10.333636363636366,10.981190476190475,12.329999999999998,9.332727272727272,26.56969696969697,25.152380952380955
272,38.595,60.70500000000001,9.366666666666667,7.773333333333333,8.120000000000001,3.5476923076923086,15.733333333333333,14.8
273,53.655,54.75086956521741,8.756666666666668,11.336521739130436,13.489615384615384,11.176250000000003,16.46666666666667,19.63478260869565
274,40.36254385964915,90.99000000000004,10.776315789473689,1.313333333333336,11.056228070175436,-6.477499999999999,25.066666666666663,14.533333333333331
275,80.83267331932774,92.0625,5.680157563025212,2.2816666666666663,8.86225,-0.9450000000000004,17.71470588235294,11.0
276,11.424615384615407,90.99000000000004,14.895384615384618,1.313333333333336,15.34392857142857,-1.7674999999999983,23.661538461538463,14.533333333333331
277,46.132307692307705,62.79000000000002,10.054358974358976,5.246666666666666,12.169918699186994,-0.5899999999999999,27.764102564102565,14.533333333333331
278,50.61785714285716,75.12117647058825,9.677142857142858,7.004705882352944,17.465714285714284,7.195,22.742857142857144,23.27058823529412
279,-30.739251700680228,-37.65749999999997,21.604489795918365,20.375,24.982,17.011875000000003,30.20680272108844,24.333333333333336
280,63.61355263157896,58.42368421052632,6.746578947368423,9.830526315789475,11.162608695652176,12.826500000000005,18.53684210526316,22.33684210526316
281,58.69400000000002,82.39000000000001,7.407914893617022,3.7550000000000026,9.9021768707483,5.721538461538465,19.079148936170213,18.2
282,57.21619047619049,64.9245454545455,8.177142857142858,6.936363636363637,10.197142857142854,3.8024999999999984,17.238095238095237,18.94545454545455
283,-4.381074380165273,120.205,18.16465171192444,-3.01,23.66012195121952,-4.229999999999997,30.7159386068477,20.8
284,205.82,204.805,-15.2,-14.81,12.04,-5.800000000000001,0.4,0.8
285,80.0587878787879,90.99000000000004,3.003636363636364,1.313333333333336,4.441818181818181,-0.5899999999999999,19.64848484848485,27.866666666666664
286,28.210476190476182,37.900000000000034,12.222857142857148,10.208888888888891,15.041714285714283,8.109473684210528,28.66666666666667,23.6
287,2.3142857142857736,162.505,15.172380952380957,-8.91,23.8084375,-15.22,26.774603174603183,0.8
288,34.05221491228073,162.505,10.476447368421052,-8.91,22.27543333333333,-15.22,22.535087719298247,0.8
289,82.46970588235294,75.50000000000003,2.963109243697481,4.964444444444446,1.8900000000000008,2.881,16.060504201680672,21.37777777777778
290,91.78000000000004,101.2706818181818,1.7000000000000028,0.5004545454545486,2.41,-1.5524999999999984,14.0,13.109090909090908
291,-16.817499999999995,66.40000000000003,21.443085106382984,5.240000000000002,33.733061224489795,-2.729999999999997,33.229787234042554,18.0
292,51.65113636363637,73.84500000000001,10.154090909090916,4.450000000000003,11.654545454545447,4.274285714285714,22.35757575757576,22.4
293,9.306639610389624,21.687039473684223,16.743474025974027,13.774517543859652,16.020131578947364,12.861896551724136,26.4012987012987,23.94561403508772
294,30.332941176470623,82.39000000000001,13.251764705882357,3.7550000000000026,16.141666666666666,2.43333333333333,25.623529411764707,18.2
295,55.12522727272727,78.24500000000002,6.936818181818182,4.830000000000002,3.558461538461536,5.90727272727273,24.018181818181816,20.0
296,12.745000000000005,4.125147058823558,12.972222222222223,14.79558823529412,12.0655,9.388571428571431,24.622222222222224,29.28235294117647
297,18.17750000000001,35.60500000000002,11.345000000000006,8.790000000000003,12.156,-4.229999999999997,25.0,20.8
298,59.745000000000005,147.39000000000004,6.416666666666668,-6.553333333333333,8.260000000000002,-7.654999999999999,15.733333333333333,1.2000000000000002
299,10.820000000000022,66.10000000000002,15.725000000000003,6.27555555555556,12.836470588235294,2.881,28.9,25.822222222222223
300,11.248534482758656,18.44428571428574,15.292586206896551,12.425714285714289,14.643999999999998,3.765000000000001,23.731034482758623,19.942857142857143
301,10.990000000000007,162.505,16.695000000000004,-8.91,15.872608695652175,-7.370000000000001,26.0,0.8
302,82.39000000000001,75.87500000000001,3.7550000000000026,3.6700000000000017,7.1080000000000005,-0.0899999999999998,13.2,11.6
303,35.102775119617235,162.505,10.508708133971291,-8.91,21.8226,-15.22,23.665071770334933,0.8
304,23.00000000000003,90.99000000000004,11.045000000000002,1.313333333333336,9.6525,-6.477499999999999,21.6,14.533333333333331
305,20.79916666666668,29.46785714285716,13.712037037037042,12.62714285714286,22.946666666666665,14.643999999999998,29.1037037037037,25.6
306,46.9425,147.39000000000004,8.575000000000003,-6.553333333333333,6.166,-8.8325,21.666666666666668,1.2000000000000002
307,84.66027777777781,44.52000000000001,3.659166666666668,12.26666666666667,2.116500000000002,8.91,16.055555555555554,25.542857142857144
308,12.716153846153844,162.505,15.63797313797314,-8.91,19.697435897435906,-15.22,27.1985347985348,0.8
309,51.71032608695654,71.06500000000001,8.903695652173912,7.818888888888889,11.01536231884058,10.876315789473686,23.730434782608697,20.53333333333333
310,25.881544303797483,-0.9872727272727104,13.574531645569625,21.59515151515152,25.240374999999997,20.965714285714284,28.092151898734176,35.018181818181816
311,28.90600000000001,57.23363636363638,11.364,8.009090909090911,10.233372093023256,4.587499999999999,25.76558139534884,18.94545454545455
312,18.77909090909094,47.30000000000004,13.372727272727271,8.89777777777778,11.518461538461535,5.47909090909091,26.21818181818181,25.822222222222223
313,22.2842391304348,32.504999999999995,13.008043478260872,11.706666666666669,15.872608695652175,8.935200000000002,21.991304347826087,21.46666666666667
314,36.93171428571432,95.165,11.238285714285713,2.4700000000000024,12.905714285714282,1.625454545454545,23.45269841269841,12.0
315,85.88886363636365,147.39000000000004,2.6459090909090897,-6.553333333333333,1.1972727272727255,-12.365,9.472727272727274,1.2000000000000002
316,-38.954999999999984,120.205,20.18333333333334,-3.01,12.348571428571423,-7.370000000000001,35.73333333333334,20.8
317,53.3716666666667,62.81613636363636,7.140000000000004,5.864090909090912,12.180625,6.942499999999999,19.633333333333336,16.745454545454546
318,6.126701030927848,90.99000000000004,15.84727540500737,1.313333333333336,17.63250859106529,-6.477499999999999,27.81089837997055,14.533333333333331
319,79.34892857142859,6.390000000000015,4.800238095238097,13.113333333333332,4.23,2.942499999999999,17.53333333333333,27.866666666666664
320,56.68399122807017,-6.694999999999993,6.139736842105265,14.69,10.876315789473686,3.620000000000001,16.003508771929823,20.8
321,-2.174642857142828,59.745000000000005,14.432142857142855,6.416666666666668,20.035,4.947142857142854,24.257142857142856,22.4
322,9.720000000000027,5.691363636363633,15.630000000000004,17.930909090909093,16.987000000000002,17.34733333333333,25.333333333333336,27.89090909090909
323,61.400000000000034,82.39000000000001,6.9311111111111146,3.7550000000000026,9.28833333333333,1.382941176470588,14.711111111111112,10.7
324,51.59525000000002,-8.724999999999994,7.615500000000001,15.47,6.091025641025642,1.9800000000000004,16.900000000000002,31.6
325,23.53986842105263,54.72500000000002,12.336052631578948,6.620000000000001,13.603157894736846,-0.0899999999999998,20.64210526315789,21.6
326,15.873070175438642,22.270769230769275,14.192105263157895,13.382564102564103,14.897317073170733,10.92968992248062,20.856140350877197,20.58461538461539
327,18.742500000000007,44.97000000000003,12.508333333333336,10.713333333333338,7.88625,8.353750000000002,24.333333333333336,24.666666666666668
328,121.22000000000004,35.60500000000002,-3.3999999999999986,8.790000000000003,2.620000000000001,0.4800000000000004,0.4,20.8
329,42.0505031446541,79.5575,11.783018867924532,6.137499999999999,16.14333333333333,4.247647058823528,19.896855345911952,16.400000000000002
330,6.390000000000015,54.72500000000002,13.113333333333332,6.620000000000001,4.5428571428571445,1.753333333333334,21.200000000000003,11.6
331,62.81613636363636,71.76785714285715,5.864090909090912,6.727142857142859,7.620000000000001,6.48,16.745454545454546,19.88571428571429
332,11.249456521739177,119.19000000000004,14.547173913043476,-2.619999999999999,19.353913043478265,-10.01,30.68695652173913,14.533333333333331
333,132.61138461538462,35.60500000000002,-4.591384615384616,8.790000000000003,9.140588235294118,-2.66,10.270769230769233,20.8
334,-50.00999999999996,34.59000000000003,20.980000000000008,9.180000000000003,9.925714285714283,-2.9450000000000003,27.866666666666664,14.533333333333331
335,31.7175,46.94500000000005,14.425,11.68,27.446,11.49857142857143,27.666666666666664,24.0
336,31.545000000000016,162.505,10.35,-8.91,9.044999999999998,-12.079999999999998,29.066666666666663,0.8
337,57.940000000000026,77.90500000000002,6.420000000000002,2.890000000000004,9.475,-4.229999999999997,22.0,20.8
338,-29.87499999999997,77.90500000000002,18.420000000000005,2.890000000000004,22.96,0.4800000000000004,31.6,20.8
339,36.85980392156864,83.32000000000004,9.525882352941178,2.879999999999999,21.75205882352941,1.1950000000000005,24.619607843137256,18.0
340,54.72500000000002,50.66500000000002,6.620000000000001,8.180000000000003,6.561428571428571,4.526666666666667,26.6,28.200000000000003
341,98.76577586206898,78.24500000000002,3.085689655172416,4.830000000000002,13.213870967741933,2.0536363636363646,18.21379310344828,20.0
342,17.580754332313973,119.19000000000004,13.815902140672785,-2.619999999999999,19.05013513513513,-8.8325,28.33068297655454,14.533333333333331
343,63.57596153846157,72.83000000000003,6.006538461538462,4.840000000000003,6.808461538461536,1.7880000000000038,17.984615384615388,17.085714285714285
344,27.485000000000014,42.61571428571432,11.91,9.054285714285715,13.859000000000002,1.9987500000000007,22.666666666666668,19.942857142857143
345,43.96307692307696,18.940000000000023,10.356923076923078,12.605000000000004,13.352222222222217,6.178000000000001,19.04615384615385,23.200000000000003
346,34.160909090909115,101.98214285714286,11.22727272727273,2.512857142857144,13.426857142857138,2.398,23.7939393939394,14.171428571428573
347,-3.463586956521709,-21.809999999999945,16.59934782608696,17.04666666666667,18.7648,5.297499999999999,30.68695652173913,27.866666666666664
348,18.0993859649123,37.900000000000034,13.88157894736842,10.208888888888891,14.897317073170733,4.622727272727271,22.96140350877193,16.933333333333334
349,65.00728571428573,35.60500000000002,4.887714285714285,8.790000000000003,9.16333333333333,-2.66,18.26285714285714,20.8
350,30.31545454545457,38.37772727272727,11.763636363636364,13.37181818181818,10.327391304347824,13.619999999999996,26.21818181818181,28.8
351,1.8500000000000227,-21.809999999999945,13.995,17.04666666666667,13.77375,5.297499999999999,26.6,27.866666666666664
352,53.38818181818184,63.23464285714289,8.545454545454547,7.047857142857144,15.260909090909088,7.405909090909088,24.4,21.34285714285714
353,27.485000000000014,27.37500000000003,11.91,15.403333333333332,7.818571428571428,13.8664,26.0,29.6
354,15.390000000000017,162.505,17.075000000000006,-8.91,20.254,-13.65,27.266666666666666,0.8
355,60.69340579710146,119.19000000000004,8.603043478260872,-2.619999999999999,12.689727891156464,-7.654999999999999,21.785507246376813,14.533333333333331
356,50.25565789473683,38.16500000000002,8.609736842105267,12.407777777777778,13.107368421052634,11.372105263157898,20.64210526315789,24.977777777777774
357,36.05602725366879,34.255000000000024,11.15616352201258,13.450000000000005,9.77885135135135,13.292857142857144,22.824318658280927,30.0
358,57.23363636363638,45.64500000000001,8.009090909090911,8.383333333333333,10.416742424242422,-0.4357142857142833,19.854545454545452,15.733333333333333
359,-4.838353658536562,35.60500000000002,19.026951219512195,8.790000000000003,22.16239837398374,-1.09,31.614634146341466,20.8
360,73.84500000000001,87.94500000000002,4.450000000000003,2.4833333333333343,4.334999999999997,1.5828571428571436,15.733333333333333,15.733333333333333
361,42.60000000000002,42.545000000000016,9.553333333333336,11.3,7.365789473684213,10.342941176470587,28.044444444444448,28.9
362,73.84500000000001,69.78500000000001,4.450000000000003,6.010000000000002,6.550000000000001,4.622727272727271,15.733333333333333,20.0
363,55.12522727272727,62.81613636363636,6.936818181818182,5.864090909090912,7.620000000000001,3.157499999999999,16.745454545454546,16.745454545454546
364,14.455000000000013,49.48000000000002,11.740000000000002,7.600000000000001,12.362500000000004,4.334999999999997,20.8,18.0
365,15.922500000000014,62.79000000000002,12.901666666666667,5.246666666666666,10.102708333333332,1.7650000000000006,27.0,14.533333333333331
366,26.470000000000027,64.9245454545455,12.3,6.936363636363637,11.083636363636366,1.84,27.430303030303037,22.581818181818186
367,24.22750000000002,120.205,11.867500000000003,-3.01,14.24125,-9.69,23.200000000000003,20.8
368,69.5025,69.99384615384618,5.428333333333338,6.726153846153846,6.166,3.7371428571428567,19.0,20.58461538461539
369,20.49000000000004,120.205,11.146666666666665,-3.01,16.11,-2.66,27.866666666666664,20.8
370,118.42875,122.10916666666668,-2.327499999999999,-2.4475,8.678,7.849411764705884,14.833333333333332,14.633333333333336
371,39.7434090909091,52.69500000000002,9.08227272727273,7.400000000000002,8.476363636363637,3.196153846153845,20.381818181818183,19.06666666666667
372,41.30250000000001,54.72500000000002,9.361666666666668,6.620000000000001,10.875999999999998,-1.974,21.666666666666668,21.6
373,81.28456223628693,94.565,3.5572468354430384,4.541111111111114,20.162974683544306,6.1663157894736855,14.2789029535865,13.866666666666667
374,30.89022522522524,162.505,15.078648648648652,-8.91,19.38957983193277,-15.22,29.326126126126127,0.8
375,43.67511363636365,-6.694999999999993,10.583409090909091,14.69,12.210297619047624,2.0500000000000007,22.227272727272727,20.8
376,52.00000000000003,59.63500000000003,8.242222222222225,9.910000000000004,14.259999999999998,10.60142857142857,19.15555555555556,20.0
377,20.53000000000003,86.45000000000002,14.122222222222224,2.1950000000000003,13.91133333333334,-2.4333333333333336,28.222222222222225,16.6
378,66.10000000000002,72.51881578947369,6.27555555555556,5.504473684210527,9.026666666666667,3.3520000000000003,14.711111111111112,14.326315789473682
379,20.49000000000004,34.59000000000003,11.146666666666665,9.180000000000003,12.184999999999995,-2.9450000000000003,34.53333333333334,27.866666666666664
380,-6.694999999999993,77.90500000000002,14.69,2.890000000000004,10.0075,-5.800000000000001,20.8,20.8
381,68.65555555555557,66.10000000000002,4.373333333333335,6.27555555555556,37.184266666666666,4.2940000000000005,18.711111111111112,21.37777777777778
382,68.9825,67.53000000000003,7.612500000000001,7.566666666666666,8.059375,7.17625,13.9,14.0
383,31.545000000000016,62.79000000000002,10.35,5.246666666666666,9.2975,-4.122500000000002,25.733333333333334,27.866666666666664
384,54.70142857142861,162.505,7.368571428571428,-8.91,6.977727272727272,-10.51,18.03809523809524,0.8
385,47.30000000000004,47.565,8.89777777777778,11.096666666666668,5.800000000000001,9.884736842105266,21.37777777777778,22.75555555555556
386,-33.57309523809522,-12.784999999999997,19.10142857142857,17.029999999999998,18.067857142857143,14.127647058823534,30.438095238095244,28.200000000000003
387,68.05652941176473,100.24000000000002,5.456117647058825,0.5199999999999996,10.37,-6.654999999999999,19.190588235294115,18.0
388,51.86750000000004,62.79000000000002,7.142777777777777,5.246666666666666,6.620000000000001,-5.300000000000001,19.57777777777778,14.533333333333331
389,-0.8418749999999875,90.99000000000004,15.892083333333336,1.313333333333336,16.034814814814816,-4.122500000000002,25.7783950617284,14.533333333333331
390,24.22750000000002,34.59000000000003,11.867500000000003,9.180000000000003,14.775882352941174,0.5874999999999986,20.700000000000003,14.533333333333331
391,24.36159090909092,32.504999999999995,11.227727272727272,11.706666666666669,11.473636363636366,8.982307692307693,20.381818181818183,21.46666666666667
392,11.514423076923094,-6.694999999999993,13.268076923076926,14.69,13.329999999999998,5.189999999999998,21.06153846153846,20.8
393,46.60500000000002,48.63550000000001,9.740000000000002,9.581,14.119999999999996,13.308461538461536,23.133333333333333,22.6
394,62.70357142857142,40.4914285714286,7.991428571428575,12.828571428571426,13.933214285714286,11.407272727272732,18.45714285714286,25.542857142857144
395,120.205,147.39000000000004,-3.01,-6.553333333333333,3.120000000000001,-5.300000000000001,0.8,1.2000000000000002
396,6.390000000000015,62.79000000000002,13.113333333333332,5.246666666666666,18.465,2.942499999999999,27.866666666666664,27.866666666666664
397,21.709761904761933,120.205,14.868571428571432,-3.01,15.012380952380951,-5.800000000000001,26.03809523809524,20.8
398,-30.080923076923057,-51.02499999999998,18.100923076923085,21.370000000000008,5.923749999999998,8.387999999999998,16.42461538461539,21.6
399,-106.40999999999995,35.60500000000002,28.846666666666668,8.790000000000003,25.599999999999994,2.0500000000000007,41.2,20.8
400,46.97909090909093,83.32000000000004,9.43939393939394,2.879999999999999,9.389714285714287,-1.16,23.7939393939394,26.0
401,-9.099999999999994,77.90500000000002,16.764444444444447,2.890000000000004,17.61,-1.09,30.266666666666666,20.8
402,95.165,118.175,2.4700000000000024,-2.229999999999998,5.127142857142857,-1.032,12.0,11.6
403,34.890833333333376,35.47750000000002,15.017500000000002,13.90055555555556,11.779814814814811,12.903260869565216,28.16666666666667,27.666666666666664
404,47.98153153153152,119.19000000000004,9.63081081081081,-2.619999999999999,21.614074074074075,-8.8325,21.14954954954955,14.533333333333331
405,87.94500000000002,147.39000000000004,2.4833333333333343,-6.553333333333333,2.765000000000001,-11.1875,15.733333333333333,1.2000000000000002
406,-3.704999999999956,-10.754999999999995,15.266666666666666,16.25,16.953076923076928,8.475000000000001,29.066666666666663,29.066666666666663
407,46.9425,55.21529411764709,8.575000000000003,9.781176470588235,12.890625,7.195,24.333333333333336,23.27058823529412
408,34.59000000000003,56.70000000000002,9.180000000000003,7.58666666666667,7.475000000000001,3.3520000000000003,27.866666666666664,25.822222222222223
409,27.992500000000007,12.425000000000011,11.715,12.52,12.859473684210528,4.620000000000001,24.852631578947367,21.6
410,28.988992248062036,72.51881578947369,12.776744186046514,5.504473684210527,4.37732394366197,5.235999999999997,23.4077519379845,18.53684210526316
411,24.567500000000024,34.59000000000003,13.8075,9.180000000000003,15.85018518518519,2.942499999999999,23.9,27.866666666666664
412,44.150000000000006,78.87285714285717,8.094999999999999,3.997142857142858,7.88625,-1.5337499999999975,21.6,14.228571428571428
413,49.8653787878788,119.19000000000004,8.581363636363637,-2.619999999999999,9.075818181818184,-7.654999999999999,21.848484848484848,14.533333333333331
414,45.64500000000001,54.72500000000002,8.383333333333333,6.620000000000001,6.942499999999999,-1.974,25.733333333333334,31.6
415,28.50000000000003,71.81500000000001,11.520000000000003,5.230000000000004,12.166666666666664,-0.1833333333333335,19.15555555555556,18.2
416,42.71500000000003,119.19000000000004,12.270000000000003,-2.619999999999999,18.44772549019608,-5.300000000000001,25.5,14.533333333333331
417,10.39500000000001,39.55500000000001,13.3,10.723333333333333,14.05461538461538,9.792857142857144,25.733333333333334,21.46666666666667
418,80.06750000000002,75.50000000000003,3.2094444444444434,4.964444444444446,2.942499999999999,2.41,19.57777777777778,21.37777777777778
419,30.947692307692336,34.59000000000003,12.172307692307694,9.180000000000003,12.96769230769231,4.120000000000001,29.81538461538462,27.866666666666664
420,33.31902173913048,28.76500000000001,11.468913043478263,13.718888888888891,16.48695652173913,12.363684210526316,21.991304347826087,24.977777777777774
421,36.62000000000003,162.505,8.400000000000002,-8.91,7.829999999999998,-10.51,20.4,0.8
422,50.56057692307695,119.19000000000004,7.821923076923078,-2.619999999999999,6.094615384615388,-10.01,27.21538461538462,14.533333333333331
423,29.51500000000001,30.332941176470623,11.130000000000004,13.251764705882357,11.886249999999997,9.026666666666667,28.200000000000003,27.97647058823529
424,10.945833333333354,-9.45750000000001,14.3825,16.441666666666666,16.890625,12.301875000000004,25.516666666666666,27.0
425,60.74428571428575,147.39000000000004,6.525714285714287,-6.553333333333333,6.428571428571431,-11.1875,17.085714285714285,1.2000000000000002
426,44.405,48.244022988505776,9.55,8.931724137931035,10.93354838709677,6.982795698924733,21.333333333333336,20.418390804597703
427,41.025000000000034,39.55500000000001,14.990000000000006,10.723333333333333,8.806451612903228,11.045454545454549,26.666666666666664,24.8
428,33.067500000000024,31.545000000000016,9.765,10.35,9.236666666666665,2.9285714285714306,24.022222222222226,22.4
429,57.095500000000015,64.22999999999999,8.401000000000003,7.28166666666667,8.998238993710693,7.909933333333335,19.4,17.3
430,52.69500000000002,70.08365384615385,7.400000000000002,5.098846153846157,7.17625,3.6014285714285705,25.733333333333334,24.13846153846154
431,56.70000000000002,63.61355263157896,7.58666666666667,6.746578947368423,11.381666666666668,5.4715000000000025,19.15555555555556,18.53684210526316
432,24.529807692307717,37.455384615384645,11.45269230769231,11.264615384615386,10.431538461538462,7.1014285714285705,24.13846153846154,23.661538461538463
433,56.25000000000003,60.750645161290336,9.140000000000004,12.48709677419355,10.401014492753625,16.206562499999997,22.0,21.43225806451613
434,40.18890243902442,162.505,10.563937282229965,-8.91,19.865869565217388,-12.079999999999998,22.734494773519167,0.8
435,71.81500000000001,-6.694999999999993,5.230000000000004,14.69,1.937058823529412,0.4800000000000004,13.2,20.8
436,21.598000000000013,13.897368421052647,14.172,16.04105263157895,15.77236263736264,14.189999999999998,25.054177215189878,30.757894736842104
437,12.833333333333371,15.640000000000017,13.705185185185186,12.320000000000004,11.673000000000002,4.947142857142854,25.822222222222223,26.0
438,-7.208272727272686,51.17500000000004,15.357818181818182,11.090000000000003,17.688095238095237,8.807142857142857,23.578181818181815,22.0
439,36.62000000000003,120.205,8.400000000000002,-3.01,2.620000000000001,-7.370000000000001,40.400000000000006,20.8
440,24.36159090909092,119.19000000000004,11.227727272727272,-2.619999999999999,11.473636363636366,-8.8325,27.654545454545453,14.533333333333331
441,90.95857142857145,100.24000000000002,2.3114285714285714,0.5199999999999996,4.74642857142857,-3.515000000000001,11.371428571428572,10.0
442,28.039642857142866,120.205,10.217857142857143,-3.01,10.579999999999998,-4.229999999999997,24.257142857142856,20.8
443,29.51500000000001,59.745000000000005,11.130000000000004,6.416666666666668,3.78142857142857,-0.4357142857142833,23.200000000000003,15.733333333333333
444,53.45904289693593,205.82,9.37028857938719,-15.2,10.505699537750388,-16.22,19.89441782729805,0.4
445,30.740574712643703,97.025,11.373103448275865,0.7199999999999989,13.10551724137931,-1.032,25.935632183908048,21.6
446,6.335499999999996,24.322142857142893,15.481000000000003,16.822857142857142,15.65555555555556,17.756896551724132,28.200000000000003,31.200000000000003
447,-17.49124999999998,62.79000000000002,18.618031914893617,5.246666666666666,16.67053333333334,-2.9450000000000003,25.97659574468085,14.533333333333331
448,48.03206521739133,120.205,9.416739130434784,-3.01,13.210434782608694,-5.800000000000001,18.51304347826087,20.8
449,-48.994999999999976,34.59000000000003,20.590000000000007,9.180000000000003,10.0075,-2.9450000000000003,30.8,14.533333333333331
450,31.97,18.44428571428574,12.775000000000002,12.425714285714289,21.2109375,6.120000000000001,25.15,25.65714285714286
451,-2.052619047619032,46.60500000000002,15.864285714285716,9.740000000000002,16.214000000000006,8.982307692307693,28.019047619047612,24.8
452,37.54519230769233,35.60500000000002,9.637307692307694,8.790000000000003,12.96769230769231,0.4800000000000004,21.06153846153846,20.8
453,51.905548780487806,85.16499999999999,11.112317073170736,5.852222222222224,20.765,5.422631578947367,19.90731707317073,13.866666666666667
454,27.06583333333336,46.06863636363636,12.837962962962964,12.29909090909091,18.219,13.005652173913042,27.622222222222224,26.981818181818184
455,41.350394736842105,48.63500000000002,9.851842105263156,8.960000000000004,13.851052631578945,7.594285714285714,22.74736842105263,22.0
456,35.94500000000002,34.59000000000003,10.73,9.180000000000003,12.826500000000005,0.5874999999999986,20.0,14.533333333333331
457,80.06750000000002,87.94500000000002,3.2094444444444434,2.4833333333333343,3.4800000000000004,-2.4542857142857173,19.57777777777778,22.4
458,-15.298095238095216,12.425000000000011,18.29142857142857,12.52,20.828285714285716,8.387999999999998,26.38095238095238,21.6
459,24.22750000000002,29.51500000000001,11.867500000000003,11.130000000000004,15.418749999999996,7.666666666666668,25.700000000000003,28.200000000000003
460,32.504999999999995,90.99000000000004,11.706666666666669,1.313333333333336,17.069200000000002,0.5874999999999986,24.8,14.533333333333331
461,82.18545454545456,69.78500000000001,2.1864935064935054,6.010000000000002,20.801666666666662,4.194545454545455,15.174025974025977,20.0
462,11.514423076923094,12.401428571428596,13.268076923076926,13.26857142857143,15.141538461538468,9.637999999999998,21.06153846153846,19.942857142857143
463,30.53000000000003,35.309411764705914,10.740000000000002,12.55764705882353,6.812000000000001,9.026666666666667,25.65714285714286,27.97647058823529
464,33.98397058823531,44.405,10.630882352941178,9.55,13.11352941176471,6.335454545454546,19.87058823529412,20.0
465,23.53986842105263,54.72500000000002,12.336052631578948,6.620000000000001,15.087142857142858,-0.0899999999999998,26.957894736842107,21.6
466,41.94115461847392,49.48000000000002,10.845963855421688,7.600000000000001,9.734186046511624,2.765000000000001,21.43694779116466,26.0
467,23.910797101449305,71.81500000000001,13.733478260869568,5.230000000000004,15.573617021276595,1.91,26.133333333333333,13.2
468,36.57285714285717,62.79000000000002,9.89714285714286,5.246666666666666,10.802142857142854,-4.122500000000002,19.942857142857143,14.533333333333331
469,64.70833333333334,67.2632142857143,5.890000000000004,6.48595238095238,5.942499999999999,4.836818181818181,20.666666666666668,21.34285714285714
470,53.50225490196081,75.87500000000001,8.612352941176475,3.6700000000000017,12.836470588235294,1.7940000000000005,18.650980392156864,21.6
471,76.89000000000003,90.95857142857145,3.2800000000000047,2.3114285714285714,4.334999999999997,1.41,14.533333333333331,14.228571428571428
472,35.909912280701775,63.86250000000001,11.397368421052636,6.215000000000003,11.518461538461535,3.765000000000001,21.90877192982456,16.333333333333332
473,24.100000000000023,74.805,11.14,5.806666666666668,9.475,2.4607692307692304,18.0,14.8
474,34.58646551724141,205.82,12.03741379310345,-15.2,13.060645161290324,-16.22,22.35172413793104,0.4
475,25.962500000000038,25.32478260869567,12.495,15.440869565217394,18.5764,16.278749999999995,28.947826086956525,30.0695652173913
476,74.01500000000001,97.025,5.419999999999998,0.7199999999999989,8.116500000000002,-4.800000000000001,12.0,11.6
477,73.85168421052632,35.60500000000002,3.902526315789476,8.790000000000003,30.67,-2.66,14.15157894736842,20.8
478,53.120000000000005,34.59000000000003,9.825,9.180000000000003,8.648125,1.7650000000000006,23.9,27.866666666666664
479,35.68035514018692,34.59000000000003,13.598990654205611,9.180000000000003,15.406962616822431,4.120000000000001,26.503925233644864,27.866666666666664
480,61.26750000000001,93.57977272727274,5.831666666666667,1.5731818181818191,8.713333333333335,1.1950000000000005,10.68888888888889,9.472727272727274
481,17.227727272727265,205.82,16.321818181818184,-15.2,28.59733333333333,-16.22,29.709090909090914,0.4
482,5.000000000000028,38.16500000000002,14.797777777777782,12.407777777777778,10.734285714285711,10.60142857142857,21.37777777777778,20.53333333333333
483,65.83986842105264,12.425000000000011,6.436052631578949,12.52,6.718070175438598,6.504000000000001,17.48421052631579,21.6
484,33.067500000000024,44.405,9.765,9.55,10.806666666666665,6.335454545454546,24.022222222222226,20.0
485,38.5758606557377,95.68818181818185,15.455819672131147,2.645454545454548,30.071967213114757,-0.9074999999999988,27.281967213114758,8.036363636363637
486,19.02500000000001,40.2858823529412,13.09,11.863529411764706,7.428000000000001,10.132631578947368,24.0,23.27058823529412
487,27.992500000000007,34.59000000000003,11.715,9.180000000000003,15.834210526315792,-0.5899999999999999,20.64210526315789,14.533333333333331
488,73.84500000000001,54.70142857142861,4.450000000000003,7.368571428571428,4.334999999999997,3.765000000000001,15.733333333333333,19.942857142857143
489,79.09150000000001,139.32500000000002,5.333000000000002,-5.179999999999998,10.851999999999997,-7.625999999999999,17.8,1.6
490,43.93691176470591,50.610000000000014,9.242647058823533,9.92666666666667,13.213333333333331,11.2975,22.223529411764705,24.666666666666668
491,60.65821917808219,120.205,7.389471624266147,-3.01,10.38052631578947,-4.229999999999997,18.418003913894324,20.8
492,23.906363636363665,32.504999999999995,12.657575757575756,11.706666666666669,14.221764705882356,9.816754385964911,22.581818181818186,21.46666666666667
493,40.7092307692308,47.39434782608697,10.810769230769232,12.362608695652174,15.844615384615388,11.56875,25.200000000000003,26.59130434782609
494,12.401428571428596,13.652500000000003,13.26857142857143,13.3425,13.493571428571428,9.694705882352942,25.65714285714286,23.200000000000003
495,61.32500000000002,54.72500000000002,7.190000000000001,6.620000000000001,7.460434782608694,3.678000000000001,22.0,31.6
496,40.17500000000001,59.68214285714288,10.140000000000004,8.412857142857145,14.710500000000003,8.991999999999997,22.0,19.88571428571429
497,3.077500000000015,32.56000000000003,14.817500000000004,9.96,10.021666666666668,5.120000000000001,28.200000000000003,26.0
498,64.9245454545455,82.39000000000001,6.936363636363637,3.7550000000000026,7.714230769230767,-1.2299999999999969,18.94545454545455,13.2
499,34.59000000000003,90.99000000000004,9.180000000000003,1.313333333333336,10.615000000000002,-1.09,27.866666666666664,14.533333333333331
500,-8.008653846153834,-5.727142857142809,15.99115384615385,15.79714285714286,10.249895833333332,7.143333333333331,24.13846153846154,19.942857142857143
501,16.377923076923082,-26.192499999999995,14.85041025641026,20.8875,15.452974683544303,19.208823529411767,26.24,28.9
502,106.59678571428572,162.505,-0.7392857142857139,-8.91,4.334999999999997,-10.51,12.82857142857143,0.8
503,8.785615384615397,54.72500000000002,15.909384615384615,6.620000000000001,16.489814814814814,-3.857999999999997,27.265641025641028,21.6
504,121.22000000000004,162.505,-3.3999999999999986,-8.91,2.620000000000001,-8.94,0.4,0.8
505,-27.53173076923076,30.53000000000003,18.71423076923077,10.740000000000002,22.387692307692312,10.24125,27.21538461538462,19.942857142857143
506,68.93750000000003,78.87285714285717,4.265000000000004,3.997142857142858,5.562000000000001,1.9987500000000007,17.0,19.942857142857143
507,66.96598837209305,162.505,9.260116279069766,-8.91,21.867441860465117,-13.65,17.90232558139535,0.8
508,90.12830645161291,112.085,4.538870967741939,0.1100000000000012,10.630967741935486,-3.512727272727276,16.52258064516129,12.0
509,41.72803030303032,52.69500000000002,9.260909090909092,7.400000000000002,9.760909090909088,3.196153846153845,24.75151515151515,22.4
510,42.150000000000034,119.19000000000004,11.10666666666667,-2.619999999999999,18.219,-7.654999999999999,22.0,14.533333333333331
511,-1.5009615384615245,11.355000000000018,15.083461538461542,14.656666666666666,17.731428571428573,14.416923076923077,27.21538461538462,28.13333333333334
512,45.26235294117649,65.72500000000001,11.16941176470588,7.570000000000004,11.64333333333333,4.91,22.094117647058823,17.02857142857143
513,33.20000000000002,162.505,10.864444444444448,-8.91,6.620000000000001,-15.22,25.822222222222223,0.8
514,184.061,120.205,-12.016,-3.01,-5.597000000000001,0.4800000000000004,0.6400000000000001,20.8
515,32.31928571428574,90.99000000000004,11.235714285714284,1.313333333333336,13.157714285714285,-4.122500000000002,24.57142857142857,14.533333333333331
516,10.033095238095257,78.81000000000003,14.17857142857143,5.993333333333336,14.4048275862069,3.3493749999999984,25.161904761904765,16.666666666666668
517,33.125,76.671568627451,11.123333333333338,3.972941176470592,13.516451612903223,1.7183333333333335,22.666666666666668,14.031372549019608
518,15.640000000000017,162.505,12.320000000000004,-8.91,11.359000000000002,-8.94,26.0,0.8
519,22.868235294117653,10.196578947368437,14.292941176470588,21.277368421052632,21.197941176470582,22.22384615384616,29.152941176470588,35.2
520,10.986370967741976,35.60500000000002,15.577580645161287,8.790000000000003,24.1546875,0.4800000000000004,32.00645161290323,20.8
521,89.09087719298246,46.2520512820513,2.4063157894736875,7.884615384615387,1.912105263157894,10.465714285714284,6.743859649122808,20.1948717948718
522,-24.36769230769229,-6.694999999999993,19.88769230769231,14.69,23.27192307692308,6.760000000000002,29.81538461538462,20.8
523,50.75,47.366666666666674,8.665000000000003,9.965000000000003,12.956428571428567,12.760465116279072,20.0,22.333333333333336
524,28.33166666666668,43.71608695652176,12.62,12.875652173913045,11.023916666666665,10.39125,25.333333333333336,24.85217391304348
525,55.685,134.08000000000004,7.97666666666667,-4.199999999999999,9.149,-8.225,17.333333333333332,2.0
526,34.80250000000001,205.82,10.392500000000002,-15.2,9.53125,-16.22,23.200000000000003,0.4
527,3.6803623188405936,68.9825,16.55521739130435,7.612500000000001,17.577872340425536,3.97058823529412,26.133333333333333,21.4
528,7.490142857142899,-29.87499999999997,16.388190476190477,18.420000000000005,14.83566666666666,5.120000000000001,27.19619047619048,21.6
529,-8.867017543859646,32.56000000000003,16.06947368421053,9.96,10.061428571428571,1.9800000000000004,21.480701754385965,10.0
530,77.64602564102567,84.15371794871797,4.582307692307694,3.674615384615386,7.125555555555557,2.9177380952380965,15.774358974358975,14.235897435897437
531,15.79000000000002,77.90500000000002,11.802222222222223,2.890000000000004,7.554666666666666,-4.229999999999997,27.866666666666664,20.8
532,51.01401960784315,66.7871428571429,8.959411764705884,5.682857142857145,10.876315789473686,3.765000000000001,26.88627450980393,19.942857142857143
533,11.134761904761916,47.30000000000004,16.343571428571433,8.89777777777778,18.31315789473684,4.765000000000001,31.03809523809524,21.37777777777778
534,63.84279411764709,130.245,6.466176470588238,-3.416666666666666,8.403529411764705,-4.472857142857144,22.223529411764705,2.4000000000000004
535,20.325000000000017,-9.478823529411756,16.386666666666667,18.804705882352945,21.62717948717948,13.768499999999996,27.1,32.68235294117647
536,59.745000000000005,61.32500000000002,6.416666666666668,7.190000000000001,5.765000000000001,3.33818181818182,19.06666666666667,20.0
537,55.12522727272727,53.655,6.936818181818182,8.756666666666668,8.476363636363637,7.533076923076923,20.381818181818183,21.46666666666667
538,86.42250000000001,103.65455882352944,3.068333333333335,0.9132352941176478,7.735999999999997,1.125,11.0,10.458823529411768
539,153.53750000000002,77.90500000000002,-7.535,2.890000000000004,-8.568,-6.477499999999999,1.0,20.8
540,31.545000000000016,90.99000000000004,10.35,1.313333333333336,11.259999999999998,-4.122500000000002,22.4,14.533333333333331
541,85.88886363636365,100.24000000000002,2.6459090909090897,0.5199999999999996,3.766363636363636,-3.515000000000001,16.745454545454546,18.0
542,43.879443473193504,205.82,10.099458041958044,-15.2,10.233204419889503,-16.22,20.431002331002333,0.4
543,51.86750000000004,77.90500000000002,7.142777777777777,2.890000000000004,10.806666666666665,-2.66,19.57777777777778,20.8
544,-106.40999999999995,35.60500000000002,28.846666666666668,8.790000000000003,25.599999999999994,2.0500000000000007,41.2,20.8
545,33.98397058823531,38.48500000000004,10.630882352941178,12.860000000000005,12.559411764705883,12.17142857142857,19.87058823529412,22.0
546,12.401428571428596,34.59000000000003,13.26857142857143,9.180000000000003,12.82071428571428,-2.9450000000000003,25.65714285714286,14.533333333333331
547,29.51500000000001,26.470000000000027,11.130000000000004,12.3,15.713124999999998,11.259999999999998,23.200000000000003,26.21818181818181
548,0.96880952380954,75.50000000000003,15.442857142857148,4.964444444444446,15.848571428571423,3.151578947368421,26.59047619047619,14.711111111111112
549,49.54272727272729,83.32000000000004,9.081818181818182,2.879999999999999,6.335454545454546,-1.16,18.94545454545455,18.0
550,33.20000000000002,44.97000000000003,10.864444444444448,10.713333333333338,13.998333333333328,9.825625,23.6,24.666666666666668
551,24.624000000000024,12.425000000000011,10.421000000000005,12.52,39.97038461538462,3.678000000000001,20.96,21.6
552,-12.274999999999975,35.60500000000002,19.94,8.790000000000003,30.20195121951219,-2.66,33.0,20.8
553,17.00091544818818,162.505,13.200330578512396,-8.91,23.924462365591403,-15.22,26.20241576605213,0.8
554,30.53000000000003,147.39000000000004,10.740000000000002,-6.553333333333333,10.129285714285714,-11.1875,22.8,1.2000000000000002
555,20.02651724137931,162.505,13.34779310344828,-8.91,22.586666666666662,-15.22,23.49057471264368,0.8
556,-17.812857142857126,75.87500000000001,17.482857142857146,3.6700000000000017,17.058571428571433,0.8520000000000003,37.08571428571428,21.6
557,75.14250000000001,162.505,4.641666666666666,-8.91,4.614000000000001,-12.079999999999998,13.66666666666667,0.8
558,28.04084388185657,45.06578947368425,15.890126582278484,11.693684210526316,23.998148148148147,10.0005,28.254852320675106,26.54736842105263
559,65.56701612903228,119.19000000000004,7.964677419354839,-2.619999999999999,15.03709677419355,-7.654999999999999,21.68387096774194,14.533333333333331
560,61.26750000000001,78.19795454545455,5.831666666666667,3.718636363636364,7.666666666666668,2.3725000000000023,24.022222222222226,20.381818181818183
561,1.2888636363636294,17.44500000000002,14.445909090909094,12.316666666666666,12.758181818181818,6.819230769230767,24.018181818181816,22.4
562,40.60000000000002,66.7871428571429,12.565000000000005,5.682857142857145,23.653902439024392,0.3399999999999998,26.0,19.942857142857143
563,59.20607142857145,119.19000000000004,7.609761904761903,-2.619999999999999,4.783750000000001,-7.654999999999999,23.247619047619047,14.533333333333331
564,18.44428571428574,26.470000000000027,12.425714285714289,12.3,12.82071428571428,10.8675,22.8,26.21818181818181
565,102.6221153846154,120.205,0.560384615384617,-3.01,1.3846153846153868,-7.370000000000001,8.753846153846155,20.8
566,65.55550000000002,120.205,7.221,-3.01,11.4172,-5.800000000000001,21.0,20.8
567,53.889852941176486,56.70000000000002,7.854411764705883,7.58666666666667,4.638947368421054,4.765000000000001,22.223529411764705,25.822222222222223
568,66.965,80.30636363636367,6.40333333333334,4.790909090909089,3.3520000000000003,1.84,17.333333333333332,18.94545454545455
569,-6.269999999999982,-9.099999999999994,17.115,16.764444444444447,15.856521739130436,10.417000000000002,29.8,30.266666666666666
570,47.434318181818185,54.70142857142861,8.009545454545457,7.368571428571428,10.617272727272727,7.297499999999999,27.654545454545453,31.371428571428574
571,94.31833333333331,90.99000000000004,1.7600000000000016,1.313333333333336,2.435714285714287,-0.5899999999999999,12.666666666666668,27.866666666666664
572,98.8675,108.70000000000002,0.5872222222222234,-0.6599999999999966,3.4800000000000004,-1.124545454545455,10.68888888888889,10.0
573,30.77404761904765,205.82,13.604285714285716,-15.2,17.633563218390805,-16.22,27.46666666666667,0.4
574,8.979772727272717,24.440000000000023,13.373181818181823,13.080000000000002,16.183636363636367,11.811428571428571,27.654545454545453,26.738461538461536
575,87.94500000000002,90.99000000000004,2.4833333333333343,1.313333333333336,2.765000000000001,-4.122500000000002,15.733333333333333,14.533333333333331
576,61.400000000000034,84.845,6.9311111111111146,5.400000000000002,9.141052631578948,4.524705882352944,21.37777777777778,18.9
577,10.564999999999998,37.900000000000034,14.270000000000008,10.208888888888891,18.4785,7.120000000000001,28.0,21.37777777777778
578,52.00000000000003,59.68214285714288,8.242222222222225,8.412857142857145,10.858333333333334,7.1080000000000005,25.822222222222223,25.6
579,72.51881578947369,80.68684210526318,5.504473684210527,6.725263157894737,11.49857142857143,9.03142857142857,16.431578947368422,18.126315789473683
580,7.180000000000035,54.72500000000002,13.5,6.620000000000001,15.127000000000002,0.8520000000000003,38.0,31.6
581,-68.80999999999995,-52.03999999999997,23.602222222222228,21.76000000000001,21.721,9.657142857142857,36.75555555555555,34.0
582,19.02500000000001,120.205,13.09,-3.01,18.4785,-5.800000000000001,30.0,20.8
583,6.627759433962268,4.305000000000007,15.62655660377359,15.64,15.765566037735852,14.416923076923077,26.432075471698116,28.13333333333334
584,57.940000000000026,118.175,6.420000000000002,-2.229999999999998,6.649000000000001,-5.742000000000001,14.0,11.6
585,76.26924731182795,61.24000000000001,5.188387096774196,6.705000000000002,3.4922549019607843,3.3520000000000003,20.907526881720432,28.200000000000003
586,66.79500000000002,77.90500000000002,5.433333333333334,2.890000000000004,17.68,-4.229999999999997,19.06666666666667,20.8
587,-7.762499999999989,5.490000000000009,19.93166666666667,16.220000000000006,30.36877551020408,10.62842105263158,32.11111111111111,27.33333333333334
588,18.44428571428574,77.90500000000002,12.425714285714289,2.890000000000004,19.88571428571429,-1.09,31.371428571428574,20.8
589,-6.789285714285711,-12.81842105263155,17.684285714285718,19.767368421052627,22.34392857142857,17.772,32.74285714285715,32.863157894736844
590,-0.3134770114942284,35.60500000000002,19.30672413793104,8.790000000000003,21.849724137931037,-2.66,32.83908045977012,20.8
591,48.84562500000001,120.205,7.8437500000000036,-3.01,9.99144927536232,-8.94,18.25,20.8
592,-6.352000000000004,62.79000000000002,20.356000000000005,5.246666666666666,21.67107142857143,-1.7674999999999983,33.2,27.866666666666664
593,65.79821428571432,50.09875000000002,8.429285714285715,14.22125,17.319117647058825,16.059374999999996,19.571428571428573,26.55
594,47.30000000000004,49.54272727272729,8.89777777777778,9.081818181818182,8.55793103448276,4.98,19.8962962962963,26.21818181818181
595,73.84500000000001,69.99384615384618,4.450000000000003,6.726153846153846,7.727500000000003,5.755714285714284,9.066666666666666,14.430769230769233
596,56.25000000000003,35.60500000000002,9.140000000000004,8.790000000000003,7.422000000000001,2.0500000000000007,23.333333333333336,20.8
597,12.666000000000023,162.505,17.604000000000003,-8.91,21.55434782608696,-15.22,28.051382113821138,0.8
598,-8.008653846153834,74.805,15.99115384615385,5.806666666666668,13.692307692307686,3.91,24.13846153846154,14.8
599,54.70828947368423,61.32500000000002,7.988684210526319,7.190000000000001,10.62842105263158,4.678571428571431,22.74736842105263,22.0
600,9.700000000000015,62.79000000000002,14.142222222222228,5.246666666666666,16.35333333333333,-1.7674999999999983,25.822222222222223,14.533333333333331
601,-9.73999999999998,16.670681818181833,15.86,12.300454545454546,15.57454545454545,5.120000000000001,22.0,24.018181818181816
602,46.09666666666666,162.505,8.900000000000002,-8.91,19.07029411764706,-12.079999999999998,20.933333333333337,0.8
603,-1.2799999999999727,120.205,14.68,-3.01,12.300999999999997,-7.370000000000001,22.0,20.8
604,-53.10426470588234,-51.02499999999998,22.777941176470588,21.370000000000008,19.930190476190475,5.905000000000001,31.635294117647064,21.6
605,-1.2224999999999966,50.66500000000002,16.038333333333334,8.180000000000003,15.175714285714283,2.956666666666667,27.057142857142857,18.2
606,49.087500000000006,18.77909090909094,10.511666666666668,13.372727272727271,13.292285714285718,10.082500000000003,25.9939393939394,26.21818181818181
607,53.82317647058824,120.205,8.286039215686277,-3.01,10.064999999999998,-7.370000000000001,21.33490196078432,20.8
608,69.78500000000001,67.32894736842107,6.010000000000002,8.588421052631581,7.620000000000001,7.174500000000002,16.0,18.126315789473683
609,-35.11999999999995,77.90500000000002,19.4,2.890000000000004,15.924,-5.800000000000001,34.0,20.8
610,125.62000000000002,35.60500000000002,-3.02,8.790000000000003,21.94761904761905,-2.66,10.0,20.8
611,33.067500000000024,49.48000000000002,9.765,7.600000000000001,11.853333333333332,5.7263636363636365,19.57777777777778,18.0
612,10.39500000000001,90.99000000000004,13.3,1.313333333333336,10.8675,-2.9450000000000003,19.06666666666667,14.533333333333331
613,63.57596153846157,54.70142857142861,6.006538461538462,7.368571428571428,7.170769230769231,3.0440000000000005,17.984615384615388,19.942857142857143
614,29.51500000000001,75.87500000000001,11.130000000000004,3.6700000000000017,14.535625000000003,-2.9160000000000004,20.700000000000003,11.6
615,69.23416666666668,6.390000000000015,4.927499999999998,13.113333333333332,5.261764705882353,2.942499999999999,17.133333333333336,27.866666666666664
616,52.39750000000001,46.06863636363636,11.54055555555556,12.29909090909091,23.58477272727273,23.57333333333333,22.33333333333333,23.345454545454547
617,80.06750000000002,78.87285714285717,3.2094444444444434,3.997142857142858,7.445999999999998,0.8212499999999991,19.57777777777778,19.942857142857143
618,24.440000000000023,6.35857142857148,13.080000000000002,14.111428571428572,19.64884615384616,4.942499999999999,28.276923076923072,25.65714285714286
619,21.57090909090911,120.205,13.764098124098126,-3.01,17.44469696969697,-8.94,26.263203463203464,20.8
620,18.44428571428574,120.205,12.425714285714289,-3.01,13.65,-4.229999999999997,25.65714285714286,20.8
621,40.17500000000001,90.99000000000004,10.140000000000004,1.313333333333336,12.17142857142857,-6.477499999999999,22.0,14.533333333333331
622,44.1459090909091,54.65088709677423,12.567272727272726,9.48725806451613,26.235510204081628,9.460540540540542,25.163636363636368,22.9741935483871
623,26.927780612244906,119.19000000000004,12.546683673469389,-2.619999999999999,14.032933333333332,-7.654999999999999,26.124489795918368,14.533333333333331
624,33.20000000000002,53.120000000000005,10.864444444444448,9.825,11.905,7.572352941176469,21.37777777777778,21.4
625,51.86750000000004,66.7871428571429,7.142777777777777,5.682857142857145,5.573333333333334,1.9987500000000007,19.57777777777778,19.942857142857143
626,35.749935897435904,4.305000000000007,10.96423076923077,15.64,10.793846153846154,11.518461538461535,19.717948717948723,24.8
627,37.395588495575225,-6.694999999999993,10.850628318584072,14.69,13.031045197740111,8.329999999999998,25.40495575221239,20.8
628,21.646521739130463,69.78500000000001,15.953913043478265,6.010000000000002,16.28217391304348,6.248571428571427,30.0695652173913,16.0
629,38.595,50.56057692307695,9.366666666666667,7.821923076923078,5.765000000000001,0.91,19.06666666666667,17.984615384615388
630,36.03,119.19000000000004,11.215,-2.619999999999999,18.83,-7.654999999999999,26.466666666666665,14.533333333333331
631,65.30000000000001,62.79000000000002,5.145,5.246666666666666,6.708749999999998,-2.9450000000000003,11.6,27.866666666666664
632,16.670681818181833,47.30000000000004,12.300454545454546,8.89777777777778,10.617272727272727,6.649000000000001,20.381818181818183,21.37777777777778
633,25.95951465201466,119.19000000000004,13.40631868131868,-2.619999999999999,13.316630434782605,-5.300000000000001,24.967765567765568,14.533333333333331
634,31.457280701754428,18.44428571428574,12.018421052631576,12.425714285714289,15.976153846153842,10.266000000000002,26.119298245614036,25.65714285714286
635,74.86000000000003,71.81500000000001,4.060000000000002,5.230000000000004,2.881,0.8633333333333333,14.0,18.2
636,11.894000000000034,97.025,13.935574468085107,0.7199999999999989,13.606914893617024,-0.0899999999999998,28.440851063829783,21.6
637,-17.812857142857126,8.365000000000009,17.482857142857146,14.080000000000002,17.058571428571433,11.329999999999998,37.08571428571428,33.2
638,125.95039473684211,-6.694999999999993,-1.9481578947368408,14.69,5.372500000000002,2.0500000000000007,10.115789473684211,20.8
639,27.992500000000007,54.70142857142861,11.715,7.368571428571428,9.945999999999998,3.3520000000000003,29.063157894736847,25.65714285714286
640,70.08365384615385,71.76785714285715,5.098846153846157,6.727142857142859,7.533076923076923,5.852,17.984615384615388,19.88571428571429
641,75.50000000000003,86.70500000000001,4.964444444444446,3.650000000000002,3.4800000000000004,1.625454545454545,21.37777777777778,20.0
642,64.58722972972974,52.84909090909092,8.846621621621622,14.08606060606061,19.08171428571429,16.942500000000003,18.210810810810813,24.10909090909091
643,39.7434090909091,50.56057692307695,9.08227272727273,7.821923076923078,9.332727272727272,3.937857142857144,24.018181818181816,24.13846153846154
644,39.06321428571431,53.63928571428573,10.419285714285714,9.255714285714287,12.544090909090912,7.1080000000000005,27.057142857142857,25.6
645,-21.978495934959312,94.3,29.905609756097565,2.342222222222226,47.48536585365853,-1.8290000000000008,41.62276422764228,12.488888888888887
646,71.76785714285715,75.70750000000002,6.727142857142859,5.805,6.776666666666667,4.402666666666665,19.88571428571429,19.4
647,45.69727272727275,89.51692307692309,9.618181818181816,4.003076923076925,8.484347826086957,5.419285714285714,18.94545454545455,14.430769230769233
648,75.32035714285716,72.32500000000003,5.362142857142857,8.140000000000004,9.704285714285716,6.78857142857143,15.628571428571428,18.0
649,43.34096698113211,66.10000000000002,10.505801886792456,6.27555555555556,11.30880503144654,1.4163157894736855,23.41320754716981,16.933333333333334
650,46.29023809523813,47.30000000000004,9.121428571428574,8.89777777777778,10.802142857142854,7.590999999999997,22.304761904761907,21.37777777777778
651,11.355000000000018,16.32000000000002,14.656666666666666,16.2,10.612692307692306,13.76227272727273,28.13333333333334,27.44761904761905
652,40.625,119.19000000000004,8.586666666666666,-2.619999999999999,7.082500000000003,-10.01,24.933333333333337,14.533333333333331
653,26.97750000000002,31.70789473684212,12.105,13.556842105263158,16.545454545454547,12.591,27.057142857142857,26.54736842105263
654,70.08365384615385,49.54272727272729,5.098846153846157,9.081818181818182,11.045454545454549,4.587499999999999,17.984615384615388,18.94545454545455
655,48.361410256410295,72.61545454545457,8.666923076923077,5.863636363636363,8.8052380952381,5.372500000000002,20.38974358974359,22.581818181818186
656,81.3489855072464,119.19000000000004,3.817391304347826,-2.619999999999999,5.765000000000001,-7.654999999999999,18.718840579710143,14.533333333333331
657,-26.67754385964909,90.99000000000004,18.55368421052632,1.313333333333336,19.837000000000003,-6.477499999999999,29.90175438596491,14.533333333333331
658,56.92572413793104,-21.809999999999945,9.641977011494252,17.04666666666667,16.144393939393936,10.0075,21.212873563218395,27.866666666666664
659,24.382499999999997,4.305000000000007,11.721666666666671,15.64,10.579999999999998,11.518461538461535,21.666666666666668,24.8
660,48.9133823529412,67.2632142857143,8.548529411764708,6.48595238095238,9.511764705882351,3.12409090909091,22.223529411764705,21.34285714285714
661,17.932307692307717,-6.694999999999993,13.98769230769231,14.69,10.793846153846154,5.189999999999998,26.738461538461536,20.8
662,44.05288461538464,90.99000000000004,8.729615384615386,1.313333333333336,8.25769230769231,-5.300000000000001,21.06153846153846,14.533333333333331
663,18.38941176470593,13.463750000000005,14.91764705882353,15.35625,17.525232558139535,15.365454545454549,26.56470588235294,27.65
664,35.662499999999994,34.59000000000003,10.148333333333335,9.180000000000003,11.189999999999998,-2.9450000000000003,16.333333333333332,14.533333333333331
665,70.91990196078433,84.845,6.182941176470592,5.400000000000002,9.524285714285714,7.849411764705884,17.47450980392157,21.4
666,1.2575000000000216,62.79000000000002,13.705000000000002,5.246666666666666,11.214000000000006,-1.7674999999999983,33.0,27.866666666666664
667,9.101617647058845,39.33000000000001,14.101470588235298,11.500000000000004,16.615000000000002,10.065882352941175,26.92941176470589,27.33333333333334
668,77.1025,75.12117647058825,4.492500000000003,7.004705882352944,5.998750000000001,5.363333333333333,13.2,16.211764705882356
669,58.37595238095241,57.92439655172416,7.435714285714287,8.78224137931035,18.30678571428572,10.405,19.44761904761905,20.97241379310345
670,42.61571428571432,118.175,9.054285714285715,-2.229999999999998,12.484285714285711,-6.683999999999999,25.65714285714286,11.6
671,66.40000000000003,117.16000000000004,5.240000000000002,-1.84,5.235999999999997,-5.870000000000001,18.0,10.0
672,37.22595238095241,34.160909090909115,10.385714285714286,11.22727272727273,12.293448275862067,9.706923076923076,20.87619047619048,22.581818181818186
673,50.66500000000002,61.24000000000001,8.180000000000003,6.705000000000002,11.2975,5.815882352941177,25.700000000000003,25.700000000000003
674,55.12522727272727,45.64500000000001,6.936818181818182,8.383333333333333,15.755454545454548,8.311428571428571,27.654545454545453,29.066666666666663
675,33.5514285714286,26.470000000000027,10.318571428571431,12.3,10.83172413793104,8.5125,25.65714285714286,22.581818181818186
676,8.027500000000003,-11.457826086956487,15.245000000000005,20.57130434782609,17.0364,19.41875,27.4,31.808695652173917
677,78.24500000000002,83.37750000000003,4.830000000000002,4.238333333333333,9.294,3.552272727272729,16.0,15.628571428571428
678,34.80250000000001,42.61571428571432,10.392500000000002,9.054285714285715,6.358333333333334,6.120000000000001,18.2,14.228571428571428
679,41.74892857142859,119.19000000000004,10.04468253968254,-2.619999999999999,9.61619047619048,-7.654999999999999,21.977777777777774,14.533333333333331
680,63.86250000000001,90.95857142857145,6.215000000000003,2.3114285714285714,9.12,4.274285714285714,24.333333333333336,19.942857142857143
681,48.690000000000026,49.48000000000002,7.213333333333335,7.600000000000001,7.475000000000001,2.765000000000001,21.200000000000003,26.0
682,52.01950000000002,46.60500000000002,9.109000000000002,9.740000000000002,8.95676470588235,7.895384615384614,18.6,21.46666666666667
683,-2.870714285714257,77.90500000000002,20.615714285714287,2.890000000000004,34.57767857142857,-2.66,33.34285714285715,20.8
684,18.687831325301232,205.82,19.48968445209409,-15.2,22.59917571494112,-16.22,30.212507171543315,0.4
685,10.254504504504496,12.760285714285745,14.89297297297298,14.609714285714286,20.4604,18.600572916666664,29.25765765765766,29.16698412698413
686,-21.809999999999945,40.09,17.04666666666667,9.655,11.002857142857144,6.620000000000001,27.866666666666664,23.200000000000003
687,69.30464912280705,33.57500000000002,6.739473684210527,9.57,19.566923076923075,8.713333333333335,17.698245614035088,21.6
688,20.970000000000027,4.916923076923098,11.825000000000005,15.803076923076926,18.011199999999995,11.818000000000003,24.066666666666663,26.738461538461536
689,45.64500000000001,63.486153846153854,8.383333333333333,7.633846153846157,12.4375,9.12,22.4,20.58461538461539
690,49.10714285714286,43.61500000000001,9.887857142857143,9.163333333333334,12.46261904761905,8.35906666666667,23.45714285714286,23.200000000000003
691,51.86750000000004,77.90500000000002,7.142777777777777,2.890000000000004,8.713333333333335,3.620000000000001,24.022222222222226,20.8
692,42.85976190476194,48.54857142857145,11.918571428571427,11.704761904761906,12.747999999999998,10.343478260869563,23.8952380952381,25.542857142857144
693,40.04850340136059,71.76785714285715,11.731020408163268,6.727142857142859,13.141666666666666,7.422000000000001,24.492517006802725,22.742857142857144
694,45.86583333333337,6.390000000000015,10.215740740740742,13.113333333333332,13.493571428571428,8.829999999999998,20.21481481481481,27.866666666666664
695,-29.87499999999997,90.99000000000004,18.420000000000005,1.313333333333336,22.96,-5.300000000000001,31.6,14.533333333333331
696,1.2575000000000216,120.205,13.705000000000002,-3.01,10.272000000000002,-7.370000000000001,33.0,20.8
697,25.84306818181821,162.505,11.704267676767678,-8.91,23.01455128205128,-13.65,26.330303030303032,0.8
698,47.434318181818185,53.655,8.009545454545457,8.756666666666668,11.473636363636366,8.982307692307693,16.745454545454546,18.133333333333333
699,7.1189393939394,120.205,14.088181818181823,-3.01,19.353913043478265,-7.370000000000001,28.38787878787879,20.8
700,18.940000000000023,34.59000000000003,12.605000000000004,9.180000000000003,10.858333333333334,-0.5899999999999999,23.200000000000003,14.533333333333331
701,22.895358910891105,77.90500000000002,16.338688118811884,2.890000000000004,21.51818481848185,-2.66,29.505940594059407,20.8
702,31.037500000000023,86.70500000000001,10.545000000000002,3.650000000000002,10.802142857142854,1.625454545454545,17.984615384615388,12.0
703,-1.250836734693877,24.322142857142893,18.30297959183673,16.822857142857142,19.272244897959183,18.08172413793104,28.248163265306125,28.342857142857145
704,73.84500000000001,66.40000000000003,4.450000000000003,5.240000000000002,6.157499999999999,0.4100000000000001,19.06666666666667,26.0
705,55.12522727272727,50.66500000000002,6.936818181818182,8.180000000000003,5.90727272727273,2.956666666666667,20.381818181818183,23.200000000000003
706,52.00000000000003,28.50000000000003,8.242222222222225,11.520000000000003,13.067368421052628,6.649000000000001,21.37777777777778,25.822222222222223
707,62.05047619047622,-18.19999999999996,7.502857142857145,17.040000000000003,10.073333333333334,6.689999999999998,18.38095238095238,18.0
708,18.742500000000007,147.39000000000004,12.508333333333336,-6.553333333333333,12.131999999999998,-11.1875,27.0,1.2000000000000002
709,48.63500000000002,52.00000000000003,8.960000000000004,8.242222222222225,13.874285714285712,7.365789473684213,24.0,23.6
710,36.48967286501377,162.505,10.674731404958678,-8.91,22.63301075268817,-10.51,22.876308539944905,0.8
711,30.73333333333335,47.59642857142859,12.86468085106383,10.098571428571429,16.589347826086957,12.14785714285714,27.54326241134752,25.6
712,29.64076086956524,18.405,11.981956521739132,13.673333333333336,13.399130434782611,13.329999999999998,23.730434782608697,28.13333333333334
713,43.01004347826091,120.205,9.545826086956524,-3.01,10.401014492753625,-7.370000000000001,21.07130434782609,20.8
714,57.06826923076926,82.39000000000001,6.91423076923077,3.7550000000000026,9.344615384615388,1.3866666666666667,27.21538461538462,18.2
715,43.96307692307696,72.72000000000003,10.356923076923078,8.333333333333332,18.76,9.480454545454544,22.123076923076923,21.73333333333333
716,91.60098039215688,90.99000000000004,1.8905882352941177,1.313333333333336,3.876470588235296,-1.7674999999999983,11.67843137254902,27.866666666666664
